Dátum,Gép,Kezdő időpont,Záró időpont,Megrendelésszám
2020.07.20,Vágó-1,6:00,22:00,MEGR010
2020.07.20,Vágó-2,6:00,22:00,MEGR010
2020.07.20,Vágó-3,6:00,22:00,MEGR010
2020.07.20,Vágó-4,6:00,22:00,MEGR010
2020.07.20,Vágó-5,6:00,22:00,MEGR010
2020.07.20,Vágó-6,6:00,22:00,MEGR010
2020.07.21,Vágó-1,6:00,7:45,MEGR010
2020.07.21,Vágó-2,6:00,7:45,MEGR010
2020.07.21,Vágó-3,6:00,7:45,MEGR010
2020.07.21,Vágó-4,6:00,7:45,MEGR010
2020.07.21,Vágó-5,6:00,7:45,MEGR010
2020.07.21,Vágó-6,6:00,7:45,MEGR010
2020.07.21,Hajlító-1,7:45,22:00,MEGR010
2020.07.21,Hajlító-2,7:45,22:00,MEGR010
2020.07.21,Vágó-1,7:45,22:00,MEGR003
2020.07.21,Vágó-2,7:45,22:00,MEGR003
2020.07.21,Vágó-3,7:45,22:00,MEGR003
2020.07.21,Vágó-4,7:45,22:00,MEGR003
2020.07.21,Vágó-5,7:45,22:00,MEGR003
2020.07.21,Vágó-6,7:45,22:00,MEGR003
2020.07.22,Hajlító-1,6:00,9:30,MEGR010
2020.07.22,Hajlító-2,6:00,9:30,MEGR010
2020.07.22,Hegesztő-1,9:30,17:23,MEGR010
2020.07.22,Hegesztő-2,9:30,17:23,MEGR010
2020.07.22,Hegesztő-3,9:30,17:23,MEGR010
2020.07.22,Tesztelő-1,17:23,13:13,MEGR010
2020.07.23,Vágó-1,6:00,7:00,MEGR003
2020.07.23,Vágó-2,6:00,7:00,MEGR003
2020.07.23,Vágó-3,6:00,7:00,MEGR003
2020.07.23,Vágó-4,6:00,7:00,MEGR003
2020.07.23,Vágó-5,6:00,7:00,MEGR003
2020.07.23,Vágó-6,6:00,7:00,MEGR003
2020.07.23,Hajlító-1,7:00,22:00,MEGR003
2020.07.23,Hajlító-2,7:00,22:00,MEGR003
2020.07.23,Vágó-1,7:00,13:40,MEGR009
2020.07.23,Vágó-2,7:00,13:40,MEGR009
2020.07.23,Vágó-3,7:00,13:40,MEGR009
2020.07.23,Vágó-4,7:00,13:40,MEGR009
2020.07.23,Vágó-5,7:00,13:40,MEGR009
2020.07.23,Vágó-6,7:00,13:40,MEGR009
2020.07.23,Festő-1,13:13,6:05,MEGR010
2020.07.23,Festő-2,13:13,6:05,MEGR010
2020.07.23,Festő-3,13:13,6:05,MEGR010
2020.07.23,Festő-4,13:13,6:05,MEGR010
2020.07.23,Vágó-1,13:40,22:00,MEGR008
2020.07.23,Vágó-2,13:40,22:00,MEGR008
2020.07.23,Vágó-3,13:40,22:00,MEGR008
2020.07.23,Vágó-4,13:40,22:00,MEGR008
2020.07.23,Vágó-5,13:40,22:00,MEGR008
2020.07.23,Vágó-6,13:40,22:00,MEGR008
2020.07.24,Vágó-1,6:00,22:00,MEGR008
2020.07.24,Vágó-2,6:00,22:00,MEGR008
2020.07.24,Vágó-3,6:00,22:00,MEGR008
2020.07.24,Vágó-4,6:00,22:00,MEGR008
2020.07.24,Vágó-5,6:00,22:00,MEGR008
2020.07.24,Vágó-6,6:00,22:00,MEGR008
2020.07.24,Csomagoló-1,6:05,15:33,MEGR010
2020.07.24,Csomagoló-2,6:05,15:33,MEGR010
2020.07.24,Csomagoló-3,6:05,15:33,MEGR010
2020.07.25,Hajlító-1,6:00,6:15,MEGR003
2020.07.25,Hajlító-2,6:00,6:15,MEGR003
2020.07.25,Vágó-1,6:00,16:40,MEGR008
2020.07.25,Vágó-2,6:00,16:40,MEGR008
2020.07.25,Vágó-3,6:00,16:40,MEGR008
2020.07.25,Vágó-4,6:00,16:40,MEGR008
2020.07.25,Vágó-5,6:00,16:40,MEGR008
2020.07.25,Vágó-6,6:00,16:40,MEGR008
2020.07.25,Hegesztő-1,6:15,20:08,MEGR003
2020.07.25,Hegesztő-2,6:15,20:08,MEGR003
2020.07.25,Hegesztő-3,6:15,20:08,MEGR003
2020.07.25,Hajlító-1,6:15,12:55,MEGR009
2020.07.25,Hajlító-2,6:15,12:55,MEGR009
2020.07.25,Hajlító-1,16:40,22:00,MEGR008
2020.07.25,Hajlító-2,16:40,22:00,MEGR008
2020.07.25,Vágó-1,16:40,22:00,MEGR015
2020.07.25,Vágó-2,16:40,22:00,MEGR015
2020.07.25,Vágó-3,16:40,22:00,MEGR015
2020.07.25,Vágó-4,16:40,22:00,MEGR015
2020.07.25,Vágó-5,16:40,22:00,MEGR015
2020.07.25,Vágó-6,16:40,22:00,MEGR015
2020.07.25,Tesztelő-1,20:08,22:00,MEGR003
2020.07.25,Hegesztő-1,20:08,7:28,MEGR009
2020.07.25,Hegesztő-2,20:08,7:28,MEGR009
2020.07.25,Hegesztő-3,20:08,7:28,MEGR009
2020.07.26,Hajlító-1,6:00,22:00,MEGR008
2020.07.26,Hajlító-2,6:00,22:00,MEGR008
2020.07.26,Vágó-1,6:00,22:00,MEGR015
2020.07.26,Vágó-2,6:00,22:00,MEGR015
2020.07.26,Vágó-3,6:00,22:00,MEGR015
2020.07.26,Vágó-4,6:00,22:00,MEGR015
2020.07.26,Vágó-5,6:00,22:00,MEGR015
2020.07.26,Vágó-6,6:00,22:00,MEGR015
2020.07.27,Tesztelő-1,6:00,8:58,MEGR003
2020.07.27,Hajlító-1,6:00,19:40,MEGR008
2020.07.27,Hajlító-2,6:00,19:40,MEGR008
2020.07.27,Vágó-1,6:00,22:00,MEGR015
2020.07.27,Vágó-2,6:00,22:00,MEGR015
2020.07.27,Vágó-3,6:00,22:00,MEGR015
2020.07.27,Vágó-4,6:00,22:00,MEGR015
2020.07.27,Vágó-5,6:00,22:00,MEGR015
2020.07.27,Vágó-6,6:00,22:00,MEGR015
2020.07.27,Festő-1,8:58,8:35,MEGR003
2020.07.27,Festő-2,8:58,8:35,MEGR003
2020.07.27,Festő-3,8:58,8:35,MEGR003
2020.07.27,Festő-4,8:58,8:35,MEGR003
2020.07.27,Tesztelő-1,8:58,13:08,MEGR009
2020.07.27,Hegesztő-1,19:40,22:00,MEGR008
2020.07.27,Hegesztő-2,19:40,22:00,MEGR008
2020.07.27,Hegesztő-3,19:40,22:00,MEGR008
2020.07.28,Vágó-1,6:00,22:00,MEGR015
2020.07.28,Vágó-2,6:00,22:00,MEGR015
2020.07.28,Vágó-3,6:00,22:00,MEGR015
2020.07.28,Vágó-4,6:00,22:00,MEGR015
2020.07.28,Vágó-5,6:00,22:00,MEGR015
2020.07.28,Vágó-6,6:00,22:00,MEGR015
2020.07.28,Csomagoló-1,8:35,22:00,MEGR003
2020.07.28,Csomagoló-2,8:35,22:00,MEGR003
2020.07.28,Csomagoló-3,8:35,22:00,MEGR003
2020.07.28,Festő-1,8:35,12:45,MEGR009
2020.07.28,Festő-2,8:35,12:45,MEGR009
2020.07.28,Festő-3,8:35,12:45,MEGR009
2020.07.28,Festő-4,8:35,12:45,MEGR009
2020.07.29,Csomagoló-1,6:00,9:15,MEGR003
2020.07.29,Csomagoló-2,6:00,9:15,MEGR003
2020.07.29,Csomagoló-3,6:00,9:15,MEGR003
2020.07.29,Hegesztő-1,6:00,6:20,MEGR008
2020.07.29,Hegesztő-2,6:00,6:20,MEGR008
2020.07.29,Hegesztő-3,6:00,6:20,MEGR008
2020.07.29,Vágó-1,6:00,22:00,MEGR015
2020.07.29,Vágó-2,6:00,22:00,MEGR015
2020.07.29,Vágó-3,6:00,22:00,MEGR015
2020.07.29,Vágó-4,6:00,22:00,MEGR015
2020.07.29,Vágó-5,6:00,22:00,MEGR015
2020.07.29,Vágó-6,6:00,22:00,MEGR015
2020.07.29,Tesztelő-1,6:20,22:00,MEGR008
2020.07.29,Csomagoló-1,9:15,13:25,MEGR009
2020.07.29,Csomagoló-2,9:15,13:25,MEGR009
2020.07.29,Csomagoló-3,9:15,13:25,MEGR009
2020.07.30,Tesztelő-1,6:00,22:00,MEGR008
2020.07.30,Vágó-1,6:00,22:00,MEGR015
2020.07.30,Vágó-2,6:00,22:00,MEGR015
2020.07.30,Vágó-3,6:00,22:00,MEGR015
2020.07.30,Vágó-4,6:00,22:00,MEGR015
2020.07.30,Vágó-5,6:00,22:00,MEGR015
2020.07.30,Vágó-6,6:00,22:00,MEGR015
2020.07.31,Tesztelő-1,6:00,9:20,MEGR008
2020.07.31,Festő-1,9:20,22:00,MEGR008
2020.07.31,Festő-2,9:20,22:00,MEGR008
2020.07.31,Festő-3,9:20,22:00,MEGR008
2020.07.31,Festő-4,9:20,22:00,MEGR008
2020.08.01,Festő-1,6:00,14:20,MEGR008
2020.08.01,Festő-2,6:00,14:20,MEGR008
2020.08.01,Festő-3,6:00,14:20,MEGR008
2020.08.01,Festő-4,6:00,14:20,MEGR008
2020.08.01,Vágó-1,6:00,13:40,MEGR015
2020.08.01,Vágó-2,6:00,13:40,MEGR015
2020.08.01,Vágó-3,6:00,13:40,MEGR015
2020.08.01,Vágó-4,6:00,13:40,MEGR015
2020.08.01,Vágó-5,6:00,13:40,MEGR015
2020.08.01,Vágó-6,6:00,13:40,MEGR015
2020.08.01,Hajlító-1,13:40,22:00,MEGR015
2020.08.01,Hajlító-2,13:40,22:00,MEGR015
2020.08.01,Vágó-1,13:40,22:00,MEGR004
2020.08.01,Vágó-2,13:40,22:00,MEGR004
2020.08.01,Vágó-3,13:40,22:00,MEGR004
2020.08.01,Vágó-4,13:40,22:00,MEGR004
2020.08.01,Vágó-5,13:40,22:00,MEGR004
2020.08.01,Vágó-6,13:40,22:00,MEGR004
2020.08.01,Csomagoló-1,14:20,22:00,MEGR008
2020.08.01,Csomagoló-2,14:20,22:00,MEGR008
2020.08.01,Csomagoló-3,14:20,22:00,MEGR008
2020.08.02,Csomagoló-1,6:00,21:40,MEGR008
2020.08.02,Csomagoló-2,6:00,21:40,MEGR008
2020.08.02,Csomagoló-3,6:00,21:40,MEGR008
2020.08.02,Hajlító-1,6:00,22:00,MEGR015
2020.08.02,Hajlító-2,6:00,22:00,MEGR015
2020.08.02,Vágó-1,6:00,22:00,MEGR004
2020.08.02,Vágó-2,6:00,22:00,MEGR004
2020.08.02,Vágó-3,6:00,22:00,MEGR004
2020.08.02,Vágó-4,6:00,22:00,MEGR004
2020.08.02,Vágó-5,6:00,22:00,MEGR004
2020.08.02,Vágó-6,6:00,22:00,MEGR004
2020.08.03,Hajlító-1,6:00,22:00,MEGR015
2020.08.03,Hajlító-2,6:00,22:00,MEGR015
2020.08.03,Vágó-1,6:00,22:00,MEGR004
2020.08.03,Vágó-2,6:00,22:00,MEGR004
2020.08.03,Vágó-3,6:00,22:00,MEGR004
2020.08.03,Vágó-4,6:00,22:00,MEGR004
2020.08.03,Vágó-5,6:00,22:00,MEGR004
2020.08.03,Vágó-6,6:00,22:00,MEGR004
2020.08.04,Hajlító-1,6:00,22:00,MEGR015
2020.08.04,Hajlító-2,6:00,22:00,MEGR015
2020.08.04,Vágó-1,6:00,22:00,MEGR004
2020.08.04,Vágó-2,6:00,22:00,MEGR004
2020.08.04,Vágó-3,6:00,22:00,MEGR004
2020.08.04,Vágó-4,6:00,22:00,MEGR004
2020.08.04,Vágó-5,6:00,22:00,MEGR004
2020.08.04,Vágó-6,6:00,22:00,MEGR004
2020.08.05,Hajlító-1,6:00,22:00,MEGR015
2020.08.05,Hajlító-2,6:00,22:00,MEGR015
2020.08.05,Vágó-1,6:00,22:00,MEGR004
2020.08.05,Vágó-2,6:00,22:00,MEGR004
2020.08.05,Vágó-3,6:00,22:00,MEGR004
2020.08.05,Vágó-4,6:00,22:00,MEGR004
2020.08.05,Vágó-5,6:00,22:00,MEGR004
2020.08.05,Vágó-6,6:00,22:00,MEGR004
2020.08.06,Hajlító-1,6:00,22:00,MEGR015
2020.08.06,Hajlító-2,6:00,22:00,MEGR015
2020.08.06,Vágó-1,6:00,22:00,MEGR004
2020.08.06,Vágó-2,6:00,22:00,MEGR004
2020.08.06,Vágó-3,6:00,22:00,MEGR004
2020.08.06,Vágó-4,6:00,22:00,MEGR004
2020.08.06,Vágó-5,6:00,22:00,MEGR004
2020.08.06,Vágó-6,6:00,22:00,MEGR004
2020.08.07,Vágó-1,6:00,22:00,MEGR004
2020.08.07,Vágó-2,6:00,22:00,MEGR004
2020.08.07,Vágó-3,6:00,22:00,MEGR004
2020.08.07,Vágó-4,6:00,22:00,MEGR004
2020.08.07,Vágó-5,6:00,22:00,MEGR004
2020.08.07,Vágó-6,6:00,22:00,MEGR004
2020.08.08,Hajlító-1,6:00,10:40,MEGR015
2020.08.08,Hajlító-2,6:00,10:40,MEGR015
2020.08.08,Hegesztő-1,10:40,22:00,MEGR015
2020.08.08,Hegesztő-2,10:40,22:00,MEGR015
2020.08.08,Hegesztő-3,10:40,22:00,MEGR015
2020.08.09,Hegesztő-1,6:00,22:00,MEGR015
2020.08.09,Hegesztő-2,6:00,22:00,MEGR015
2020.08.09,Hegesztő-3,6:00,22:00,MEGR015
2020.08.09,Vágó-1,6:00,11:00,MEGR004
2020.08.09,Vágó-2,6:00,11:00,MEGR004
2020.08.09,Vágó-3,6:00,11:00,MEGR004
2020.08.09,Vágó-4,6:00,11:00,MEGR004
2020.08.09,Vágó-5,6:00,11:00,MEGR004
2020.08.09,Vágó-6,6:00,11:00,MEGR004
2020.08.09,Hajlító-1,11:00,22:00,MEGR004
2020.08.09,Hajlító-2,11:00,22:00,MEGR004
2020.08.09,Vágó-1,11:00,22:00,MEGR011
2020.08.09,Vágó-2,11:00,22:00,MEGR011
2020.08.09,Vágó-3,11:00,22:00,MEGR011
2020.08.09,Vágó-4,11:00,22:00,MEGR011
2020.08.09,Vágó-5,11:00,22:00,MEGR011
2020.08.09,Vágó-6,11:00,22:00,MEGR011
2020.08.10,Hajlító-1,6:00,22:00,MEGR004
2020.08.10,Hajlító-2,6:00,22:00,MEGR004
2020.08.10,Vágó-1,6:00,22:00,MEGR011
2020.08.10,Vágó-2,6:00,22:00,MEGR011
2020.08.10,Vágó-3,6:00,22:00,MEGR011
2020.08.10,Vágó-4,6:00,22:00,MEGR011
2020.08.10,Vágó-5,6:00,22:00,MEGR011
2020.08.10,Vágó-6,6:00,22:00,MEGR011
2020.08.11,Hegesztő-1,6:00,10:13,MEGR015
2020.08.11,Hegesztő-2,6:00,10:13,MEGR015
2020.08.11,Hegesztő-3,6:00,10:13,MEGR015
2020.08.11,Hajlító-1,6:00,22:00,MEGR004
2020.08.11,Hajlító-2,6:00,22:00,MEGR004
2020.08.11,Vágó-1,6:00,22:00,MEGR011
2020.08.11,Vágó-2,6:00,22:00,MEGR011
2020.08.11,Vágó-3,6:00,22:00,MEGR011
2020.08.11,Vágó-4,6:00,22:00,MEGR011
2020.08.11,Vágó-5,6:00,22:00,MEGR011
2020.08.11,Vágó-6,6:00,22:00,MEGR011
2020.08.11,Tesztelő-1,10:13,22:00,MEGR015
2020.08.12,Tesztelő-1,6:00,22:00,MEGR015
2020.08.12,Hajlító-1,6:00,22:00,MEGR004
2020.08.12,Hajlító-2,6:00,22:00,MEGR004
2020.08.12,Vágó-1,6:00,22:00,MEGR011
2020.08.12,Vágó-2,6:00,22:00,MEGR011
2020.08.12,Vágó-3,6:00,22:00,MEGR011
2020.08.12,Vágó-4,6:00,22:00,MEGR011
2020.08.12,Vágó-5,6:00,22:00,MEGR011
2020.08.12,Vágó-6,6:00,22:00,MEGR011
2020.08.13,Tesztelő-1,6:00,22:00,MEGR015
2020.08.13,Hajlító-1,6:00,22:00,MEGR004
2020.08.13,Hajlító-2,6:00,22:00,MEGR004
2020.08.13,Vágó-1,6:00,22:00,MEGR011
2020.08.13,Vágó-2,6:00,22:00,MEGR011
2020.08.13,Vágó-3,6:00,22:00,MEGR011
2020.08.13,Vágó-4,6:00,22:00,MEGR011
2020.08.13,Vágó-5,6:00,22:00,MEGR011
2020.08.13,Vágó-6,6:00,22:00,MEGR011
2020.08.14,Tesztelő-1,6:00,22:00,MEGR015
2020.08.14,Hajlító-1,6:00,22:00,MEGR004
2020.08.14,Hajlító-2,6:00,22:00,MEGR004
2020.08.14,Vágó-1,6:00,22:00,MEGR011
2020.08.14,Vágó-2,6:00,22:00,MEGR011
2020.08.14,Vágó-3,6:00,22:00,MEGR011
2020.08.14,Vágó-4,6:00,22:00,MEGR011
2020.08.14,Vágó-5,6:00,22:00,MEGR011
2020.08.14,Vágó-6,6:00,22:00,MEGR011
2020.08.15,Tesztelő-1,6:00,21:33,MEGR015
2020.08.15,Hajlító-1,6:00,22:00,MEGR004
2020.08.15,Hajlító-2,6:00,22:00,MEGR004
2020.08.15,Vágó-1,6:00,22:00,MEGR011
2020.08.15,Vágó-2,6:00,22:00,MEGR011
2020.08.15,Vágó-3,6:00,22:00,MEGR011
2020.08.15,Vágó-4,6:00,22:00,MEGR011
2020.08.15,Vágó-5,6:00,22:00,MEGR011
2020.08.15,Vágó-6,6:00,22:00,MEGR011
2020.08.15,Festő-1,21:33,22:00,MEGR015
2020.08.15,Festő-2,21:33,22:00,MEGR015
2020.08.15,Festő-3,21:33,22:00,MEGR015
2020.08.15,Festő-4,21:33,22:00,MEGR015
2020.08.16,Festő-1,6:00,22:00,MEGR015
2020.08.16,Festő-2,6:00,22:00,MEGR015
2020.08.16,Festő-3,6:00,22:00,MEGR015
2020.08.16,Festő-4,6:00,22:00,MEGR015
2020.08.16,Vágó-1,6:00,22:00,MEGR011
2020.08.16,Vágó-2,6:00,22:00,MEGR011
2020.08.16,Vágó-3,6:00,22:00,MEGR011
2020.08.16,Vágó-4,6:00,22:00,MEGR011
2020.08.16,Vágó-5,6:00,22:00,MEGR011
2020.08.16,Vágó-6,6:00,22:00,MEGR011
2020.08.17,Festő-1,6:00,22:00,MEGR015
2020.08.17,Festő-2,6:00,22:00,MEGR015
2020.08.17,Festő-3,6:00,22:00,MEGR015
2020.08.17,Festő-4,6:00,22:00,MEGR015
2020.08.17,Hajlító-1,6:00,8:20,MEGR004
2020.08.17,Hajlító-2,6:00,8:20,MEGR004
2020.08.17,Vágó-1,6:00,22:00,MEGR011
2020.08.17,Vágó-2,6:00,22:00,MEGR011
2020.08.17,Vágó-3,6:00,22:00,MEGR011
2020.08.17,Vágó-4,6:00,22:00,MEGR011
2020.08.17,Vágó-5,6:00,22:00,MEGR011
2020.08.17,Vágó-6,6:00,22:00,MEGR011
2020.08.17,Hegesztő-1,8:20,22:00,MEGR004
2020.08.17,Hegesztő-2,8:20,22:00,MEGR004
2020.08.17,Hegesztő-3,8:20,22:00,MEGR004
2020.08.18,Hegesztő-1,6:00,22:00,MEGR004
2020.08.18,Hegesztő-2,6:00,22:00,MEGR004
2020.08.18,Hegesztő-3,6:00,22:00,MEGR004
2020.08.18,Vágó-1,6:00,22:00,MEGR011
2020.08.18,Vágó-2,6:00,22:00,MEGR011
2020.08.18,Vágó-3,6:00,22:00,MEGR011
2020.08.18,Vágó-4,6:00,22:00,MEGR011
2020.08.18,Vágó-5,6:00,22:00,MEGR011
2020.08.18,Vágó-6,6:00,22:00,MEGR011
2020.08.19,Festő-1,6:00,12:03,MEGR015
2020.08.19,Festő-2,6:00,12:03,MEGR015
2020.08.19,Festő-3,6:00,12:03,MEGR015
2020.08.19,Festő-4,6:00,12:03,MEGR015
2020.08.19,Hegesztő-1,6:00,22:00,MEGR004
2020.08.19,Hegesztő-2,6:00,22:00,MEGR004
2020.08.19,Hegesztő-3,6:00,22:00,MEGR004
2020.08.19,Vágó-1,6:00,22:00,MEGR011
2020.08.19,Vágó-2,6:00,22:00,MEGR011
2020.08.19,Vágó-3,6:00,22:00,MEGR011
2020.08.19,Vágó-4,6:00,22:00,MEGR011
2020.08.19,Vágó-5,6:00,22:00,MEGR011
2020.08.19,Vágó-6,6:00,22:00,MEGR011
2020.08.19,Csomagoló-1,12:03,22:00,MEGR015
2020.08.19,Csomagoló-2,12:03,22:00,MEGR015
2020.08.19,Csomagoló-3,12:03,22:00,MEGR015
2020.08.20,Csomagoló-1,6:00,22:00,MEGR015
2020.08.20,Csomagoló-2,6:00,22:00,MEGR015
2020.08.20,Csomagoló-3,6:00,22:00,MEGR015
2020.08.20,Hegesztő-1,6:00,22:00,MEGR004
2020.08.20,Hegesztő-2,6:00,22:00,MEGR004
2020.08.20,Hegesztő-3,6:00,22:00,MEGR004
2020.08.20,Vágó-1,6:00,22:00,MEGR011
2020.08.20,Vágó-2,6:00,22:00,MEGR011
2020.08.20,Vágó-3,6:00,22:00,MEGR011
2020.08.20,Vágó-4,6:00,22:00,MEGR011
2020.08.20,Vágó-5,6:00,22:00,MEGR011
2020.08.20,Vágó-6,6:00,22:00,MEGR011
2020.08.21,Csomagoló-1,6:00,22:00,MEGR015
2020.08.21,Csomagoló-2,6:00,22:00,MEGR015
2020.08.21,Csomagoló-3,6:00,22:00,MEGR015
2020.08.21,Hegesztő-1,6:00,11:00,MEGR004
2020.08.21,Hegesztő-2,6:00,11:00,MEGR004
2020.08.21,Hegesztő-3,6:00,11:00,MEGR004
2020.08.21,Vágó-1,6:00,22:00,MEGR011
2020.08.21,Vágó-2,6:00,22:00,MEGR011
2020.08.21,Vágó-3,6:00,22:00,MEGR011
2020.08.21,Vágó-4,6:00,22:00,MEGR011
2020.08.21,Vágó-5,6:00,22:00,MEGR011
2020.08.21,Vágó-6,6:00,22:00,MEGR011
2020.08.21,Tesztelő-1,11:00,22:00,MEGR004
2020.08.22,Tesztelő-1,6:00,22:00,MEGR004
2020.08.22,Vágó-1,6:00,22:00,MEGR011
2020.08.22,Vágó-2,6:00,22:00,MEGR011
2020.08.22,Vágó-3,6:00,22:00,MEGR011
2020.08.22,Vágó-4,6:00,22:00,MEGR011
2020.08.22,Vágó-5,6:00,22:00,MEGR011
2020.08.22,Vágó-6,6:00,22:00,MEGR011
2020.08.23,Csomagoló-1,6:00,6:43,MEGR015
2020.08.23,Csomagoló-2,6:00,6:43,MEGR015
2020.08.23,Csomagoló-3,6:00,6:43,MEGR015
2020.08.23,Tesztelő-1,6:00,22:00,MEGR004
2020.08.23,Vágó-1,6:00,22:00,MEGR011
2020.08.23,Vágó-2,6:00,22:00,MEGR011
2020.08.23,Vágó-3,6:00,22:00,MEGR011
2020.08.23,Vágó-4,6:00,22:00,MEGR011
2020.08.23,Vágó-5,6:00,22:00,MEGR011
2020.08.23,Vágó-6,6:00,22:00,MEGR011
2020.08.24,Tesztelő-1,6:00,22:00,MEGR004
2020.08.24,Vágó-1,6:00,22:00,MEGR011
2020.08.24,Vágó-2,6:00,22:00,MEGR011
2020.08.24,Vágó-3,6:00,22:00,MEGR011
2020.08.24,Vágó-4,6:00,22:00,MEGR011
2020.08.24,Vágó-5,6:00,22:00,MEGR011
2020.08.24,Vágó-6,6:00,22:00,MEGR011
2020.08.25,Vágó-1,6:00,22:00,MEGR011
2020.08.25,Vágó-2,6:00,22:00,MEGR011
2020.08.25,Vágó-3,6:00,22:00,MEGR011
2020.08.25,Vágó-4,6:00,22:00,MEGR011
2020.08.25,Vágó-5,6:00,22:00,MEGR011
2020.08.25,Vágó-6,6:00,22:00,MEGR011
2020.08.26,Tesztelő-1,6:00,6:20,MEGR004
2020.08.26,Vágó-1,6:00,22:00,MEGR011
2020.08.26,Vágó-2,6:00,22:00,MEGR011
2020.08.26,Vágó-3,6:00,22:00,MEGR011
2020.08.26,Vágó-4,6:00,22:00,MEGR011
2020.08.26,Vágó-5,6:00,22:00,MEGR011
2020.08.26,Vágó-6,6:00,22:00,MEGR011
2020.08.26,Festő-1,6:20,22:00,MEGR004
2020.08.26,Festő-2,6:20,22:00,MEGR004
2020.08.26,Festő-3,6:20,22:00,MEGR004
2020.08.26,Festő-4,6:20,22:00,MEGR004
2020.08.27,Festő-1,6:00,22:00,MEGR004
2020.08.27,Festő-2,6:00,22:00,MEGR004
2020.08.27,Festő-3,6:00,22:00,MEGR004
2020.08.27,Festő-4,6:00,22:00,MEGR004
2020.08.27,Vágó-1,6:00,22:00,MEGR011
2020.08.27,Vágó-2,6:00,22:00,MEGR011
2020.08.27,Vágó-3,6:00,22:00,MEGR011
2020.08.27,Vágó-4,6:00,22:00,MEGR011
2020.08.27,Vágó-5,6:00,22:00,MEGR011
2020.08.27,Vágó-6,6:00,22:00,MEGR011
2020.08.28,Festő-1,6:00,22:00,MEGR004
2020.08.28,Festő-2,6:00,22:00,MEGR004
2020.08.28,Festő-3,6:00,22:00,MEGR004
2020.08.28,Festő-4,6:00,22:00,MEGR004
2020.08.28,Vágó-1,6:00,22:00,MEGR011
2020.08.28,Vágó-2,6:00,22:00,MEGR011
2020.08.28,Vágó-3,6:00,22:00,MEGR011
2020.08.28,Vágó-4,6:00,22:00,MEGR011
2020.08.28,Vágó-5,6:00,22:00,MEGR011
2020.08.28,Vágó-6,6:00,22:00,MEGR011
2020.08.29,Festő-1,6:00,22:00,MEGR004
2020.08.29,Festő-2,6:00,22:00,MEGR004
2020.08.29,Festő-3,6:00,22:00,MEGR004
2020.08.29,Festő-4,6:00,22:00,MEGR004
2020.08.29,Vágó-1,6:00,22:00,MEGR011
2020.08.29,Vágó-2,6:00,22:00,MEGR011
2020.08.29,Vágó-3,6:00,22:00,MEGR011
2020.08.29,Vágó-4,6:00,22:00,MEGR011
2020.08.29,Vágó-5,6:00,22:00,MEGR011
2020.08.29,Vágó-6,6:00,22:00,MEGR011
2020.08.30,Festő-1,6:00,17:40,MEGR004
2020.08.30,Festő-2,6:00,17:40,MEGR004
2020.08.30,Festő-3,6:00,17:40,MEGR004
2020.08.30,Festő-4,6:00,17:40,MEGR004
2020.08.30,Vágó-1,6:00,22:00,MEGR011
2020.08.30,Vágó-2,6:00,22:00,MEGR011
2020.08.30,Vágó-3,6:00,22:00,MEGR011
2020.08.30,Vágó-4,6:00,22:00,MEGR011
2020.08.30,Vágó-5,6:00,22:00,MEGR011
2020.08.30,Vágó-6,6:00,22:00,MEGR011
2020.08.30,Csomagoló-1,17:40,22:00,MEGR004
2020.08.30,Csomagoló-2,17:40,22:00,MEGR004
2020.08.30,Csomagoló-3,17:40,22:00,MEGR004
2020.08.31,Csomagoló-1,6:00,22:00,MEGR004
2020.08.31,Csomagoló-2,6:00,22:00,MEGR004
2020.08.31,Csomagoló-3,6:00,22:00,MEGR004
2020.08.31,Vágó-1,6:00,22:00,MEGR011
2020.08.31,Vágó-2,6:00,22:00,MEGR011
2020.08.31,Vágó-3,6:00,22:00,MEGR011
2020.08.31,Vágó-4,6:00,22:00,MEGR011
2020.08.31,Vágó-5,6:00,22:00,MEGR011
2020.08.31,Vágó-6,6:00,22:00,MEGR011
2020.09.01,Csomagoló-1,6:00,22:00,MEGR004
2020.09.01,Csomagoló-2,6:00,22:00,MEGR004
2020.09.01,Csomagoló-3,6:00,22:00,MEGR004
2020.09.01,Vágó-1,6:00,22:00,MEGR011
2020.09.01,Vágó-2,6:00,22:00,MEGR011
2020.09.01,Vágó-3,6:00,22:00,MEGR011
2020.09.01,Vágó-4,6:00,22:00,MEGR011
2020.09.01,Vágó-5,6:00,22:00,MEGR011
2020.09.01,Vágó-6,6:00,22:00,MEGR011
2020.09.02,Csomagoló-1,6:00,22:00,MEGR004
2020.09.02,Csomagoló-2,6:00,22:00,MEGR004
2020.09.02,Csomagoló-3,6:00,22:00,MEGR004
2020.09.02,Vágó-1,6:00,22:00,MEGR011
2020.09.02,Vágó-2,6:00,22:00,MEGR011
2020.09.02,Vágó-3,6:00,22:00,MEGR011
2020.09.02,Vágó-4,6:00,22:00,MEGR011
2020.09.02,Vágó-5,6:00,22:00,MEGR011
2020.09.02,Vágó-6,6:00,22:00,MEGR011
2020.09.03,Vágó-1,6:00,22:00,MEGR011
2020.09.03,Vágó-2,6:00,22:00,MEGR011
2020.09.03,Vágó-3,6:00,22:00,MEGR011
2020.09.03,Vágó-4,6:00,22:00,MEGR011
2020.09.03,Vágó-5,6:00,22:00,MEGR011
2020.09.03,Vágó-6,6:00,22:00,MEGR011
2020.09.04,Csomagoló-1,6:00,13:00,MEGR004
2020.09.04,Csomagoló-2,6:00,13:00,MEGR004
2020.09.04,Csomagoló-3,6:00,13:00,MEGR004
2020.09.04,Vágó-1,6:00,22:00,MEGR011
2020.09.04,Vágó-2,6:00,22:00,MEGR011
2020.09.04,Vágó-3,6:00,22:00,MEGR011
2020.09.04,Vágó-4,6:00,22:00,MEGR011
2020.09.04,Vágó-5,6:00,22:00,MEGR011
2020.09.04,Vágó-6,6:00,22:00,MEGR011
2020.09.04,Hajlító-1,19:30,22:00,MEGR012
2020.09.04,Hajlító-2,19:30,22:00,MEGR012
2020.09.05,Vágó-1,6:00,22:00,MEGR011
2020.09.05,Vágó-2,6:00,22:00,MEGR011
2020.09.05,Vágó-3,6:00,22:00,MEGR011
2020.09.05,Vágó-4,6:00,22:00,MEGR011
2020.09.05,Vágó-5,6:00,22:00,MEGR011
2020.09.05,Vágó-6,6:00,22:00,MEGR011
2020.09.05,Hajlító-1,6:00,22:00,MEGR012
2020.09.05,Hajlító-2,6:00,22:00,MEGR012
2020.09.05,Csomagoló-1,11:40,22:00,MEGR013
2020.09.05,Csomagoló-2,11:40,22:00,MEGR013
2020.09.05,Csomagoló-3,11:40,22:00,MEGR013
2020.09.05,Festő-1,11:40,22:00,MEGR014
2020.09.05,Festő-2,11:40,22:00,MEGR014
2020.09.05,Festő-3,11:40,22:00,MEGR014
2020.09.05,Festő-4,11:40,22:00,MEGR014
2020.09.05,Tesztelő-1,18:20,22:00,MEGR007
2020.09.06,Vágó-1,6:00,22:00,MEGR011
2020.09.06,Vágó-2,6:00,22:00,MEGR011
2020.09.06,Vágó-3,6:00,22:00,MEGR011
2020.09.06,Vágó-4,6:00,22:00,MEGR011
2020.09.06,Vágó-5,6:00,22:00,MEGR011
2020.09.06,Vágó-6,6:00,22:00,MEGR011
2020.09.06,Csomagoló-1,6:00,22:00,MEGR013
2020.09.06,Csomagoló-2,6:00,22:00,MEGR013
2020.09.06,Csomagoló-3,6:00,22:00,MEGR013
2020.09.06,Festő-1,6:00,22:00,MEGR014
2020.09.06,Festő-2,6:00,22:00,MEGR014
2020.09.06,Festő-3,6:00,22:00,MEGR014
2020.09.06,Festő-4,6:00,22:00,MEGR014
2020.09.06,Tesztelő-1,6:00,22:00,MEGR007
2020.09.06,Hajlító-1,6:00,22:00,MEGR012
2020.09.06,Hajlító-2,6:00,22:00,MEGR012
2020.09.07,Vágó-1,6:00,22:00,MEGR011
2020.09.07,Vágó-2,6:00,22:00,MEGR011
2020.09.07,Vágó-3,6:00,22:00,MEGR011
2020.09.07,Vágó-4,6:00,22:00,MEGR011
2020.09.07,Vágó-5,6:00,22:00,MEGR011
2020.09.07,Vágó-6,6:00,22:00,MEGR011
2020.09.07,Csomagoló-1,6:00,22:00,MEGR013
2020.09.07,Csomagoló-2,6:00,22:00,MEGR013
2020.09.07,Csomagoló-3,6:00,22:00,MEGR013
2020.09.07,Festő-1,6:00,22:00,MEGR014
2020.09.07,Festő-2,6:00,22:00,MEGR014
2020.09.07,Festő-3,6:00,22:00,MEGR014
2020.09.07,Festő-4,6:00,22:00,MEGR014
2020.09.07,Tesztelő-1,6:00,22:00,MEGR007
2020.09.07,Hajlító-1,6:00,22:00,MEGR012
2020.09.07,Hajlító-2,6:00,22:00,MEGR012
2020.09.07,Csomagoló-1,15:20,22:00,MEGR011
2020.09.07,Csomagoló-2,15:20,22:00,MEGR011
2020.09.07,Csomagoló-3,15:20,22:00,MEGR011
2020.09.08,Vágó-1,6:00,22:00,MEGR011
2020.09.08,Vágó-2,6:00,22:00,MEGR011
2020.09.08,Vágó-3,6:00,22:00,MEGR011
2020.09.08,Vágó-4,6:00,22:00,MEGR011
2020.09.08,Vágó-5,6:00,22:00,MEGR011
2020.09.08,Vágó-6,6:00,22:00,MEGR011
2020.09.08,Csomagoló-1,6:00,22:00,MEGR011
2020.09.08,Csomagoló-2,6:00,22:00,MEGR011
2020.09.08,Csomagoló-3,6:00,22:00,MEGR011
2020.09.08,Csomagoló-1,6:00,22:00,MEGR013
2020.09.08,Csomagoló-2,6:00,22:00,MEGR013
2020.09.08,Csomagoló-3,6:00,22:00,MEGR013
2020.09.08,Festő-1,6:00,22:00,MEGR014
2020.09.08,Festő-2,6:00,22:00,MEGR014
2020.09.08,Festő-3,6:00,22:00,MEGR014
2020.09.08,Festő-4,6:00,22:00,MEGR014
2020.09.08,Tesztelő-1,6:00,22:00,MEGR007
2020.09.08,Hajlító-1,6:00,22:00,MEGR012
2020.09.08,Hajlító-2,6:00,22:00,MEGR012
2020.09.09,Vágó-1,6:00,22:00,MEGR011
2020.09.09,Vágó-2,6:00,22:00,MEGR011
2020.09.09,Vágó-3,6:00,22:00,MEGR011
2020.09.09,Vágó-4,6:00,22:00,MEGR011
2020.09.09,Vágó-5,6:00,22:00,MEGR011
2020.09.09,Vágó-6,6:00,22:00,MEGR011
2020.09.09,Csomagoló-1,6:00,22:00,MEGR011
2020.09.09,Csomagoló-2,6:00,22:00,MEGR011
2020.09.09,Csomagoló-3,6:00,22:00,MEGR011
2020.09.09,Festő-1,6:00,11:40,MEGR014
2020.09.09,Festő-2,6:00,11:40,MEGR014
2020.09.09,Festő-3,6:00,11:40,MEGR014
2020.09.09,Festő-4,6:00,11:40,MEGR014
2020.09.09,Tesztelő-1,6:00,22:00,MEGR007
2020.09.09,Hajlító-1,6:00,22:00,MEGR012
2020.09.09,Hajlító-2,6:00,22:00,MEGR012
2020.09.09,Festő-1,11:40,22:00,MEGR007
2020.09.09,Festő-2,11:40,22:00,MEGR007
2020.09.09,Festő-3,11:40,22:00,MEGR007
2020.09.09,Festő-4,11:40,22:00,MEGR007
2020.09.09,Tesztelő-1,14:50,22:00,MEGR005
2020.09.09,Hegesztő-1,14:50,22:00,MEGR001
2020.09.09,Hegesztő-2,14:50,22:00,MEGR001
2020.09.09,Hegesztő-3,14:50,22:00,MEGR001
2020.09.10,Vágó-1,6:00,22:00,MEGR011
2020.09.10,Vágó-2,6:00,22:00,MEGR011
2020.09.10,Vágó-3,6:00,22:00,MEGR011
2020.09.10,Vágó-4,6:00,22:00,MEGR011
2020.09.10,Vágó-5,6:00,22:00,MEGR011
2020.09.10,Vágó-6,6:00,22:00,MEGR011
2020.09.10,Csomagoló-1,6:00,22:00,MEGR011
2020.09.10,Csomagoló-2,6:00,22:00,MEGR011
2020.09.10,Csomagoló-3,6:00,22:00,MEGR011
2020.09.10,Csomagoló-1,6:00,9:30,MEGR013
2020.09.10,Csomagoló-2,6:00,9:30,MEGR013
2020.09.10,Csomagoló-3,6:00,9:30,MEGR013
2020.09.10,Tesztelő-1,6:00,22:00,MEGR007
2020.09.10,Festő-1,6:00,22:00,MEGR007
2020.09.10,Festő-2,6:00,22:00,MEGR007
2020.09.10,Festő-3,6:00,22:00,MEGR007
2020.09.10,Festő-4,6:00,22:00,MEGR007
2020.09.10,Tesztelő-1,6:00,22:00,MEGR005
2020.09.10,Hegesztő-1,6:00,22:00,MEGR001
2020.09.10,Hegesztő-2,6:00,22:00,MEGR001
2020.09.10,Hegesztő-3,6:00,22:00,MEGR001
2020.09.10,Hajlító-1,6:00,22:00,MEGR012
2020.09.10,Hajlító-2,6:00,22:00,MEGR012
2020.09.10,Csomagoló-1,9:30,22:00,MEGR014
2020.09.10,Csomagoló-2,9:30,22:00,MEGR014
2020.09.10,Csomagoló-3,9:30,22:00,MEGR014
2020.09.11,Vágó-1,6:00,22:00,MEGR011
2020.09.11,Vágó-2,6:00,22:00,MEGR011
2020.09.11,Vágó-3,6:00,22:00,MEGR011
2020.09.11,Vágó-4,6:00,22:00,MEGR011
2020.09.11,Vágó-5,6:00,22:00,MEGR011
2020.09.11,Vágó-6,6:00,22:00,MEGR011
2020.09.11,Csomagoló-1,6:00,22:00,MEGR011
2020.09.11,Csomagoló-2,6:00,22:00,MEGR011
2020.09.11,Csomagoló-3,6:00,22:00,MEGR011
2020.09.11,Csomagoló-1,6:00,22:00,MEGR014
2020.09.11,Csomagoló-2,6:00,22:00,MEGR014
2020.09.11,Csomagoló-3,6:00,22:00,MEGR014
2020.09.11,Tesztelő-1,6:00,22:00,MEGR007
2020.09.11,Festő-1,6:00,22:00,MEGR007
2020.09.11,Festő-2,6:00,22:00,MEGR007
2020.09.11,Festő-3,6:00,22:00,MEGR007
2020.09.11,Festő-4,6:00,22:00,MEGR007
2020.09.11,Tesztelő-1,6:00,22:00,MEGR005
2020.09.11,Hajlító-1,6:00,22:00,MEGR012
2020.09.11,Hajlító-2,6:00,22:00,MEGR012
2020.09.12,Vágó-1,6:00,22:00,MEGR011
2020.09.12,Vágó-2,6:00,22:00,MEGR011
2020.09.12,Vágó-3,6:00,22:00,MEGR011
2020.09.12,Vágó-4,6:00,22:00,MEGR011
2020.09.12,Vágó-5,6:00,22:00,MEGR011
2020.09.12,Vágó-6,6:00,22:00,MEGR011
2020.09.12,Csomagoló-1,6:00,22:00,MEGR011
2020.09.12,Csomagoló-2,6:00,22:00,MEGR011
2020.09.12,Csomagoló-3,6:00,22:00,MEGR011
2020.09.12,Csomagoló-1,6:00,22:00,MEGR014
2020.09.12,Csomagoló-2,6:00,22:00,MEGR014
2020.09.12,Csomagoló-3,6:00,22:00,MEGR014
2020.09.12,Tesztelő-1,6:00,22:00,MEGR007
2020.09.12,Festő-1,6:00,22:00,MEGR007
2020.09.12,Festő-2,6:00,22:00,MEGR007
2020.09.12,Festő-3,6:00,22:00,MEGR007
2020.09.12,Festő-4,6:00,22:00,MEGR007
2020.09.12,Tesztelő-1,6:00,22:00,MEGR005
2020.09.12,Hegesztő-1,6:00,11:16,MEGR001
2020.09.12,Hegesztő-2,6:00,11:16,MEGR001
2020.09.12,Hegesztő-3,6:00,11:16,MEGR001
2020.09.12,Hajlító-1,6:00,22:00,MEGR012
2020.09.12,Hajlító-2,6:00,22:00,MEGR012
2020.09.13,Vágó-1,6:00,22:00,MEGR011
2020.09.13,Vágó-2,6:00,22:00,MEGR011
2020.09.13,Vágó-3,6:00,22:00,MEGR011
2020.09.13,Vágó-4,6:00,22:00,MEGR011
2020.09.13,Vágó-5,6:00,22:00,MEGR011
2020.09.13,Vágó-6,6:00,22:00,MEGR011
2020.09.13,Csomagoló-1,6:00,22:00,MEGR011
2020.09.13,Csomagoló-2,6:00,22:00,MEGR011
2020.09.13,Csomagoló-3,6:00,22:00,MEGR011
2020.09.13,Tesztelő-1,6:00,22:00,MEGR007
2020.09.13,Festő-1,6:00,22:00,MEGR007
2020.09.13,Festő-2,6:00,22:00,MEGR007
2020.09.13,Festő-3,6:00,22:00,MEGR007
2020.09.13,Festő-4,6:00,22:00,MEGR007
2020.09.13,Tesztelő-1,6:00,22:00,MEGR005
2020.09.13,Hajlító-1,6:00,22:00,MEGR012
2020.09.13,Hajlító-2,6:00,22:00,MEGR012
2020.09.14,Vágó-1,6:00,22:00,MEGR011
2020.09.14,Vágó-2,6:00,22:00,MEGR011
2020.09.14,Vágó-3,6:00,22:00,MEGR011
2020.09.14,Vágó-4,6:00,22:00,MEGR011
2020.09.14,Vágó-5,6:00,22:00,MEGR011
2020.09.14,Vágó-6,6:00,22:00,MEGR011
2020.09.14,Csomagoló-1,6:00,22:00,MEGR011
2020.09.14,Csomagoló-2,6:00,22:00,MEGR011
2020.09.14,Csomagoló-3,6:00,22:00,MEGR011
2020.09.14,Csomagoló-1,6:00,8:36,MEGR014
2020.09.14,Csomagoló-2,6:00,8:36,MEGR014
2020.09.14,Csomagoló-3,6:00,8:36,MEGR014
2020.09.14,Tesztelő-1,6:00,22:00,MEGR007
2020.09.14,Festő-1,6:00,22:00,MEGR007
2020.09.14,Festő-2,6:00,22:00,MEGR007
2020.09.14,Festő-3,6:00,22:00,MEGR007
2020.09.14,Festő-4,6:00,22:00,MEGR007
2020.09.14,Tesztelő-1,6:00,22:00,MEGR005
2020.09.14,Hajlító-1,6:00,22:00,MEGR012
2020.09.14,Hajlító-2,6:00,22:00,MEGR012
2020.09.15,Vágó-1,6:00,22:00,MEGR011
2020.09.15,Vágó-2,6:00,22:00,MEGR011
2020.09.15,Vágó-3,6:00,22:00,MEGR011
2020.09.15,Vágó-4,6:00,22:00,MEGR011
2020.09.15,Vágó-5,6:00,22:00,MEGR011
2020.09.15,Vágó-6,6:00,22:00,MEGR011
2020.09.15,Csomagoló-1,6:00,22:00,MEGR011
2020.09.15,Csomagoló-2,6:00,22:00,MEGR011
2020.09.15,Csomagoló-3,6:00,22:00,MEGR011
2020.09.15,Tesztelő-1,6:00,22:00,MEGR007
2020.09.15,Festő-1,6:00,22:00,MEGR007
2020.09.15,Festő-2,6:00,22:00,MEGR007
2020.09.15,Festő-3,6:00,22:00,MEGR007
2020.09.15,Festő-4,6:00,22:00,MEGR007
2020.09.15,Tesztelő-1,6:00,22:00,MEGR005
2020.09.15,Hajlító-1,6:00,22:00,MEGR012
2020.09.15,Hajlító-2,6:00,22:00,MEGR012
2020.09.16,Vágó-1,6:00,22:00,MEGR011
2020.09.16,Vágó-2,6:00,22:00,MEGR011
2020.09.16,Vágó-3,6:00,22:00,MEGR011
2020.09.16,Vágó-4,6:00,22:00,MEGR011
2020.09.16,Vágó-5,6:00,22:00,MEGR011
2020.09.16,Vágó-6,6:00,22:00,MEGR011
2020.09.16,Csomagoló-1,6:00,22:00,MEGR011
2020.09.16,Csomagoló-2,6:00,22:00,MEGR011
2020.09.16,Csomagoló-3,6:00,22:00,MEGR011
2020.09.16,Tesztelő-1,6:00,22:00,MEGR007
2020.09.16,Tesztelő-1,6:00,22:00,MEGR005
2020.09.16,Hajlító-1,6:00,22:00,MEGR012
2020.09.16,Hajlító-2,6:00,22:00,MEGR012
2020.09.17,Vágó-1,6:00,22:00,MEGR011
2020.09.17,Vágó-2,6:00,22:00,MEGR011
2020.09.17,Vágó-3,6:00,22:00,MEGR011
2020.09.17,Vágó-4,6:00,22:00,MEGR011
2020.09.17,Vágó-5,6:00,22:00,MEGR011
2020.09.17,Vágó-6,6:00,22:00,MEGR011
2020.09.17,Csomagoló-1,6:00,22:00,MEGR011
2020.09.17,Csomagoló-2,6:00,22:00,MEGR011
2020.09.17,Csomagoló-3,6:00,22:00,MEGR011
2020.09.17,Tesztelő-1,6:00,22:00,MEGR007
2020.09.17,Festő-1,6:00,8:10,MEGR007
2020.09.17,Festő-2,6:00,8:10,MEGR007
2020.09.17,Festő-3,6:00,8:10,MEGR007
2020.09.17,Festő-4,6:00,8:10,MEGR007
2020.09.17,Tesztelő-1,6:00,22:00,MEGR005
2020.09.17,Hajlító-1,6:00,22:00,MEGR012
2020.09.17,Hajlító-2,6:00,22:00,MEGR012
2020.09.17,Csomagoló-1,8:10,22:00,MEGR007
2020.09.17,Csomagoló-2,8:10,22:00,MEGR007
2020.09.17,Csomagoló-3,8:10,22:00,MEGR007
2020.09.17,Festő-1,8:10,22:00,MEGR005
2020.09.17,Festő-2,8:10,22:00,MEGR005
2020.09.17,Festő-3,8:10,22:00,MEGR005
2020.09.17,Festő-4,8:10,22:00,MEGR005
2020.09.18,Vágó-1,6:00,22:00,MEGR011
2020.09.18,Vágó-2,6:00,22:00,MEGR011
2020.09.18,Vágó-3,6:00,22:00,MEGR011
2020.09.18,Vágó-4,6:00,22:00,MEGR011
2020.09.18,Vágó-5,6:00,22:00,MEGR011
2020.09.18,Vágó-6,6:00,22:00,MEGR011
2020.09.18,Csomagoló-1,6:00,22:00,MEGR011
2020.09.18,Csomagoló-2,6:00,22:00,MEGR011
2020.09.18,Csomagoló-3,6:00,22:00,MEGR011
2020.09.18,Tesztelő-1,6:00,20:30,MEGR007
2020.09.18,Csomagoló-1,6:00,22:00,MEGR007
2020.09.18,Csomagoló-2,6:00,22:00,MEGR007
2020.09.18,Csomagoló-3,6:00,22:00,MEGR007
2020.09.18,Tesztelő-1,6:00,22:00,MEGR005
2020.09.18,Festő-1,6:00,22:00,MEGR005
2020.09.18,Festő-2,6:00,22:00,MEGR005
2020.09.18,Festő-3,6:00,22:00,MEGR005
2020.09.18,Festő-4,6:00,22:00,MEGR005
2020.09.18,Hajlító-1,6:00,22:00,MEGR012
2020.09.18,Hajlító-2,6:00,22:00,MEGR012
2020.09.19,Csomagoló-1,6:00,22:00,MEGR011
2020.09.19,Csomagoló-2,6:00,22:00,MEGR011
2020.09.19,Csomagoló-3,6:00,22:00,MEGR011
2020.09.19,Csomagoló-1,6:00,22:00,MEGR007
2020.09.19,Csomagoló-2,6:00,22:00,MEGR007
2020.09.19,Csomagoló-3,6:00,22:00,MEGR007
2020.09.19,Tesztelő-1,6:00,22:00,MEGR005
2020.09.19,Festő-1,6:00,22:00,MEGR005
2020.09.19,Festő-2,6:00,22:00,MEGR005
2020.09.19,Festő-3,6:00,22:00,MEGR005
2020.09.19,Festő-4,6:00,22:00,MEGR005
2020.09.19,Hajlító-1,6:00,22:00,MEGR012
2020.09.19,Hajlító-2,6:00,22:00,MEGR012
2020.09.20,Vágó-1,6:00,9:00,MEGR011
2020.09.20,Vágó-2,6:00,9:00,MEGR011
2020.09.20,Vágó-3,6:00,9:00,MEGR011
2020.09.20,Vágó-4,6:00,9:00,MEGR011
2020.09.20,Vágó-5,6:00,9:00,MEGR011
2020.09.20,Vágó-6,6:00,9:00,MEGR011
2020.09.20,Csomagoló-1,6:00,22:00,MEGR011
2020.09.20,Csomagoló-2,6:00,22:00,MEGR011
2020.09.20,Csomagoló-3,6:00,22:00,MEGR011
2020.09.20,Csomagoló-1,6:00,22:00,MEGR007
2020.09.20,Csomagoló-2,6:00,22:00,MEGR007
2020.09.20,Csomagoló-3,6:00,22:00,MEGR007
2020.09.20,Tesztelő-1,6:00,22:00,MEGR005
2020.09.20,Festő-1,6:00,22:00,MEGR005
2020.09.20,Festő-2,6:00,22:00,MEGR005
2020.09.20,Festő-3,6:00,22:00,MEGR005
2020.09.20,Festő-4,6:00,22:00,MEGR005
2020.09.20,Hajlító-1,6:00,22:00,MEGR012
2020.09.20,Hajlító-2,6:00,22:00,MEGR012
2020.09.20,Hajlító-1,9:00,22:00,MEGR011
2020.09.20,Hajlító-2,9:00,22:00,MEGR011
2020.09.20,Vágó-1,9:00,22:00,MEGR002
2020.09.20,Vágó-2,9:00,22:00,MEGR002
2020.09.20,Vágó-3,9:00,22:00,MEGR002
2020.09.20,Vágó-4,9:00,22:00,MEGR002
2020.09.20,Vágó-5,9:00,22:00,MEGR002
2020.09.20,Vágó-6,9:00,22:00,MEGR002
2020.09.21,Hajlító-1,6:00,22:00,MEGR011
2020.09.21,Hajlító-2,6:00,22:00,MEGR011
2020.09.21,Csomagoló-1,6:00,22:00,MEGR011
2020.09.21,Csomagoló-2,6:00,22:00,MEGR011
2020.09.21,Csomagoló-3,6:00,22:00,MEGR011
2020.09.21,Vágó-1,6:00,22:00,MEGR002
2020.09.21,Vágó-2,6:00,22:00,MEGR002
2020.09.21,Vágó-3,6:00,22:00,MEGR002
2020.09.21,Vágó-4,6:00,22:00,MEGR002
2020.09.21,Vágó-5,6:00,22:00,MEGR002
2020.09.21,Vágó-6,6:00,22:00,MEGR002
2020.09.21,Csomagoló-1,6:00,22:00,MEGR007
2020.09.21,Csomagoló-2,6:00,22:00,MEGR007
2020.09.21,Csomagoló-3,6:00,22:00,MEGR007
2020.09.21,Tesztelő-1,6:00,22:00,MEGR005
2020.09.21,Festő-1,6:00,22:00,MEGR005
2020.09.21,Festő-2,6:00,22:00,MEGR005
2020.09.21,Festő-3,6:00,22:00,MEGR005
2020.09.21,Festő-4,6:00,22:00,MEGR005
2020.09.21,Hajlító-1,6:00,22:00,MEGR012
2020.09.21,Hajlító-2,6:00,22:00,MEGR012
2020.09.22,Hajlító-1,6:00,22:00,MEGR011
2020.09.22,Hajlító-2,6:00,22:00,MEGR011
2020.09.22,Csomagoló-1,6:00,22:00,MEGR011
2020.09.22,Csomagoló-2,6:00,22:00,MEGR011
2020.09.22,Csomagoló-3,6:00,22:00,MEGR011
2020.09.22,Vágó-1,6:00,22:00,MEGR002
2020.09.22,Vágó-2,6:00,22:00,MEGR002
2020.09.22,Vágó-3,6:00,22:00,MEGR002
2020.09.22,Vágó-4,6:00,22:00,MEGR002
2020.09.22,Vágó-5,6:00,22:00,MEGR002
2020.09.22,Vágó-6,6:00,22:00,MEGR002
2020.09.22,Csomagoló-1,6:00,22:00,MEGR007
2020.09.22,Csomagoló-2,6:00,22:00,MEGR007
2020.09.22,Csomagoló-3,6:00,22:00,MEGR007
2020.09.22,Tesztelő-1,6:00,22:00,MEGR005
2020.09.22,Festő-1,6:00,22:00,MEGR005
2020.09.22,Festő-2,6:00,22:00,MEGR005
2020.09.22,Festő-3,6:00,22:00,MEGR005
2020.09.22,Festő-4,6:00,22:00,MEGR005
2020.09.22,Hajlító-1,6:00,22:00,MEGR012
2020.09.22,Hajlító-2,6:00,22:00,MEGR012
2020.09.23,Hajlító-1,6:00,22:00,MEGR011
2020.09.23,Hajlító-2,6:00,22:00,MEGR011
2020.09.23,Csomagoló-1,6:00,22:00,MEGR011
2020.09.23,Csomagoló-2,6:00,22:00,MEGR011
2020.09.23,Csomagoló-3,6:00,22:00,MEGR011
2020.09.23,Vágó-1,6:00,22:00,MEGR002
2020.09.23,Vágó-2,6:00,22:00,MEGR002
2020.09.23,Vágó-3,6:00,22:00,MEGR002
2020.09.23,Vágó-4,6:00,22:00,MEGR002
2020.09.23,Vágó-5,6:00,22:00,MEGR002
2020.09.23,Vágó-6,6:00,22:00,MEGR002
2020.09.23,Csomagoló-1,6:00,22:00,MEGR007
2020.09.23,Csomagoló-2,6:00,22:00,MEGR007
2020.09.23,Csomagoló-3,6:00,22:00,MEGR007
2020.09.23,Tesztelő-1,6:00,16:50,MEGR005
2020.09.23,Festő-1,6:00,22:00,MEGR005
2020.09.23,Festő-2,6:00,22:00,MEGR005
2020.09.23,Festő-3,6:00,22:00,MEGR005
2020.09.23,Festő-4,6:00,22:00,MEGR005
2020.09.23,Hajlító-1,6:00,22:00,MEGR012
2020.09.23,Hajlító-2,6:00,22:00,MEGR012
2020.09.23,Tesztelő-1,16:50,22:00,MEGR001
2020.09.24,Hajlító-1,6:00,22:00,MEGR011
2020.09.24,Hajlító-2,6:00,22:00,MEGR011
2020.09.24,Csomagoló-1,6:00,22:00,MEGR011
2020.09.24,Csomagoló-2,6:00,22:00,MEGR011
2020.09.24,Csomagoló-3,6:00,22:00,MEGR011
2020.09.24,Vágó-1,6:00,22:00,MEGR002
2020.09.24,Vágó-2,6:00,22:00,MEGR002
2020.09.24,Vágó-3,6:00,22:00,MEGR002
2020.09.24,Vágó-4,6:00,22:00,MEGR002
2020.09.24,Vágó-5,6:00,22:00,MEGR002
2020.09.24,Vágó-6,6:00,22:00,MEGR002
2020.09.24,Csomagoló-1,6:00,22:00,MEGR007
2020.09.24,Csomagoló-2,6:00,22:00,MEGR007
2020.09.24,Csomagoló-3,6:00,22:00,MEGR007
2020.09.24,Festő-1,6:00,22:00,MEGR005
2020.09.24,Festő-2,6:00,22:00,MEGR005
2020.09.24,Festő-3,6:00,22:00,MEGR005
2020.09.24,Festő-4,6:00,22:00,MEGR005
2020.09.24,Tesztelő-1,6:00,22:00,MEGR001
2020.09.24,Hajlító-1,6:00,22:00,MEGR012
2020.09.24,Hajlító-2,6:00,22:00,MEGR012
2020.09.25,Hajlító-1,6:00,22:00,MEGR011
2020.09.25,Hajlító-2,6:00,22:00,MEGR011
2020.09.25,Csomagoló-1,6:00,22:00,MEGR011
2020.09.25,Csomagoló-2,6:00,22:00,MEGR011
2020.09.25,Csomagoló-3,6:00,22:00,MEGR011
2020.09.25,Vágó-1,6:00,22:00,MEGR002
2020.09.25,Vágó-2,6:00,22:00,MEGR002
2020.09.25,Vágó-3,6:00,22:00,MEGR002
2020.09.25,Vágó-4,6:00,22:00,MEGR002
2020.09.25,Vágó-5,6:00,22:00,MEGR002
2020.09.25,Vágó-6,6:00,22:00,MEGR002
2020.09.25,Csomagoló-1,6:00,20:16,MEGR007
2020.09.25,Csomagoló-2,6:00,20:16,MEGR007
2020.09.25,Csomagoló-3,6:00,20:16,MEGR007
2020.09.25,Festő-1,6:00,22:00,MEGR005
2020.09.25,Festő-2,6:00,22:00,MEGR005
2020.09.25,Festő-3,6:00,22:00,MEGR005
2020.09.25,Festő-4,6:00,22:00,MEGR005
2020.09.25,Tesztelő-1,6:00,22:00,MEGR001
2020.09.25,Hajlító-1,6:00,22:00,MEGR012
2020.09.25,Hajlító-2,6:00,22:00,MEGR012
2020.09.26,Hajlító-1,6:00,22:00,MEGR011
2020.09.26,Hajlító-2,6:00,22:00,MEGR011
2020.09.26,Csomagoló-1,6:00,22:00,MEGR011
2020.09.26,Csomagoló-2,6:00,22:00,MEGR011
2020.09.26,Csomagoló-3,6:00,22:00,MEGR011
2020.09.26,Vágó-1,6:00,22:00,MEGR002
2020.09.26,Vágó-2,6:00,22:00,MEGR002
2020.09.26,Vágó-3,6:00,22:00,MEGR002
2020.09.26,Vágó-4,6:00,22:00,MEGR002
2020.09.26,Vágó-5,6:00,22:00,MEGR002
2020.09.26,Vágó-6,6:00,22:00,MEGR002
2020.09.26,Festő-1,6:00,22:00,MEGR005
2020.09.26,Festő-2,6:00,22:00,MEGR005
2020.09.26,Festő-3,6:00,22:00,MEGR005
2020.09.26,Festő-4,6:00,22:00,MEGR005
2020.09.26,Tesztelő-1,6:00,22:00,MEGR001
2020.09.26,Hajlító-1,6:00,22:00,MEGR012
2020.09.26,Hajlító-2,6:00,22:00,MEGR012
2020.09.27,Hajlító-1,6:00,22:00,MEGR011
2020.09.27,Hajlító-2,6:00,22:00,MEGR011
2020.09.27,Csomagoló-1,6:00,22:00,MEGR011
2020.09.27,Csomagoló-2,6:00,22:00,MEGR011
2020.09.27,Csomagoló-3,6:00,22:00,MEGR011
2020.09.27,Vágó-1,6:00,22:00,MEGR002
2020.09.27,Vágó-2,6:00,22:00,MEGR002
2020.09.27,Vágó-3,6:00,22:00,MEGR002
2020.09.27,Vágó-4,6:00,22:00,MEGR002
2020.09.27,Vágó-5,6:00,22:00,MEGR002
2020.09.27,Vágó-6,6:00,22:00,MEGR002
2020.09.27,Festő-1,6:00,19:40,MEGR005
2020.09.27,Festő-2,6:00,19:40,MEGR005
2020.09.27,Festő-3,6:00,19:40,MEGR005
2020.09.27,Festő-4,6:00,19:40,MEGR005
2020.09.27,Hajlító-1,6:00,22:00,MEGR012
2020.09.27,Hajlító-2,6:00,22:00,MEGR012
2020.09.27,Csomagoló-1,19:40,22:00,MEGR005
2020.09.27,Csomagoló-2,19:40,22:00,MEGR005
2020.09.27,Csomagoló-3,19:40,22:00,MEGR005
2020.09.27,Festő-1,19:40,22:00,MEGR001
2020.09.27,Festő-2,19:40,22:00,MEGR001
2020.09.27,Festő-3,19:40,22:00,MEGR001
2020.09.27,Festő-4,19:40,22:00,MEGR001
2020.09.28,Hajlító-1,6:00,22:00,MEGR011
2020.09.28,Hajlító-2,6:00,22:00,MEGR011
2020.09.28,Csomagoló-1,6:00,22:00,MEGR011
2020.09.28,Csomagoló-2,6:00,22:00,MEGR011
2020.09.28,Csomagoló-3,6:00,22:00,MEGR011
2020.09.28,Vágó-1,6:00,22:00,MEGR002
2020.09.28,Vágó-2,6:00,22:00,MEGR002
2020.09.28,Vágó-3,6:00,22:00,MEGR002
2020.09.28,Vágó-4,6:00,22:00,MEGR002
2020.09.28,Vágó-5,6:00,22:00,MEGR002
2020.09.28,Vágó-6,6:00,22:00,MEGR002
2020.09.28,Csomagoló-1,6:00,22:00,MEGR005
2020.09.28,Csomagoló-2,6:00,22:00,MEGR005
2020.09.28,Csomagoló-3,6:00,22:00,MEGR005
2020.09.28,Tesztelő-1,6:00,12:10,MEGR001
2020.09.28,Festő-1,6:00,22:00,MEGR001
2020.09.28,Festő-2,6:00,22:00,MEGR001
2020.09.28,Festő-3,6:00,22:00,MEGR001
2020.09.28,Festő-4,6:00,22:00,MEGR001
2020.09.28,Hajlító-1,6:00,22:00,MEGR012
2020.09.28,Hajlító-2,6:00,22:00,MEGR012
2020.09.29,Hajlító-1,6:00,22:00,MEGR011
2020.09.29,Hajlító-2,6:00,22:00,MEGR011
2020.09.29,Vágó-1,6:00,9:00,MEGR002
2020.09.29,Vágó-2,6:00,9:00,MEGR002
2020.09.29,Vágó-3,6:00,9:00,MEGR002
2020.09.29,Vágó-4,6:00,9:00,MEGR002
2020.09.29,Vágó-5,6:00,9:00,MEGR002
2020.09.29,Vágó-6,6:00,9:00,MEGR002
2020.09.29,Csomagoló-1,6:00,22:00,MEGR005
2020.09.29,Csomagoló-2,6:00,22:00,MEGR005
2020.09.29,Csomagoló-3,6:00,22:00,MEGR005
2020.09.29,Hajlító-1,6:00,22:00,MEGR012
2020.09.29,Hajlító-2,6:00,22:00,MEGR012
2020.09.29,Vágó-1,9:00,22:00,MEGR006
2020.09.29,Vágó-2,9:00,22:00,MEGR006
2020.09.29,Vágó-3,9:00,22:00,MEGR006
2020.09.29,Vágó-4,9:00,22:00,MEGR006
2020.09.29,Vágó-5,9:00,22:00,MEGR006
2020.09.29,Vágó-6,9:00,22:00,MEGR006
2020.09.30,Hajlító-1,6:00,22:00,MEGR011
2020.09.30,Hajlító-2,6:00,22:00,MEGR011
2020.09.30,Csomagoló-1,6:00,7:20,MEGR011
2020.09.30,Csomagoló-2,6:00,7:20,MEGR011
2020.09.30,Csomagoló-3,6:00,7:20,MEGR011
2020.09.30,Vágó-1,6:00,22:00,MEGR006
2020.09.30,Vágó-2,6:00,22:00,MEGR006
2020.09.30,Vágó-3,6:00,22:00,MEGR006
2020.09.30,Vágó-4,6:00,22:00,MEGR006
2020.09.30,Vágó-5,6:00,22:00,MEGR006
2020.09.30,Vágó-6,6:00,22:00,MEGR006
2020.09.30,Csomagoló-1,6:00,22:00,MEGR005
2020.09.30,Csomagoló-2,6:00,22:00,MEGR005
2020.09.30,Csomagoló-3,6:00,22:00,MEGR005
2020.09.30,Festő-1,6:00,13:40,MEGR001
2020.09.30,Festő-2,6:00,13:40,MEGR001
2020.09.30,Festő-3,6:00,13:40,MEGR001
2020.09.30,Festő-4,6:00,13:40,MEGR001
2020.09.30,Hajlító-1,6:00,22:00,MEGR012
2020.09.30,Hajlító-2,6:00,22:00,MEGR012
2020.09.30,Festő-1,13:40,22:00,MEGR012
2020.09.30,Festő-2,13:40,22:00,MEGR012
2020.09.30,Festő-3,13:40,22:00,MEGR012
2020.09.30,Festő-4,13:40,22:00,MEGR012
2020.10.01,Hajlító-1,6:00,22:00,MEGR011
2020.10.01,Hajlító-2,6:00,22:00,MEGR011
2020.10.01,Vágó-1,6:00,22:00,MEGR006
2020.10.01,Vágó-2,6:00,22:00,MEGR006
2020.10.01,Vágó-3,6:00,22:00,MEGR006
2020.10.01,Vágó-4,6:00,22:00,MEGR006
2020.10.01,Vágó-5,6:00,22:00,MEGR006
2020.10.01,Vágó-6,6:00,22:00,MEGR006
2020.10.01,Csomagoló-1,6:00,22:00,MEGR005
2020.10.01,Csomagoló-2,6:00,22:00,MEGR005
2020.10.01,Csomagoló-3,6:00,22:00,MEGR005
2020.10.01,Hajlító-1,6:00,22:00,MEGR012
2020.10.01,Hajlító-2,6:00,22:00,MEGR012
2020.10.01,Festő-1,6:00,22:00,MEGR012
2020.10.01,Festő-2,6:00,22:00,MEGR012
2020.10.01,Festő-3,6:00,22:00,MEGR012
2020.10.01,Festő-4,6:00,22:00,MEGR012
2020.10.02,Hajlító-1,6:00,22:00,MEGR011
2020.10.02,Hajlító-2,6:00,22:00,MEGR011
2020.10.02,Vágó-1,6:00,13:00,MEGR006
2020.10.02,Vágó-2,6:00,13:00,MEGR006
2020.10.02,Vágó-3,6:00,13:00,MEGR006
2020.10.02,Vágó-4,6:00,13:00,MEGR006
2020.10.02,Vágó-5,6:00,13:00,MEGR006
2020.10.02,Vágó-6,6:00,13:00,MEGR006
2020.10.02,Csomagoló-1,6:00,22:00,MEGR005
2020.10.02,Csomagoló-2,6:00,22:00,MEGR005
2020.10.02,Csomagoló-3,6:00,22:00,MEGR005
2020.10.02,Hajlító-1,6:00,21:45,MEGR012
2020.10.02,Hajlító-2,6:00,21:45,MEGR012
2020.10.02,Festő-1,6:00,22:00,MEGR012
2020.10.02,Festő-2,6:00,22:00,MEGR012
2020.10.02,Festő-3,6:00,22:00,MEGR012
2020.10.02,Festő-4,6:00,22:00,MEGR012
2020.10.02,Vágó-1,13:00,22:00,MEGR013
2020.10.02,Vágó-2,13:00,22:00,MEGR013
2020.10.02,Vágó-3,13:00,22:00,MEGR013
2020.10.02,Vágó-4,13:00,22:00,MEGR013
2020.10.02,Vágó-5,13:00,22:00,MEGR013
2020.10.02,Vágó-6,13:00,22:00,MEGR013
2020.10.02,Hegesztő-1,21:45,22:00,MEGR012
2020.10.02,Hegesztő-2,21:45,22:00,MEGR012
2020.10.02,Hegesztő-3,21:45,22:00,MEGR012
2020.10.03,Hajlító-1,6:00,22:00,MEGR011
2020.10.03,Hajlító-2,6:00,22:00,MEGR011
2020.10.03,Vágó-1,6:00,22:00,MEGR013
2020.10.03,Vágó-2,6:00,22:00,MEGR013
2020.10.03,Vágó-3,6:00,22:00,MEGR013
2020.10.03,Vágó-4,6:00,22:00,MEGR013
2020.10.03,Vágó-5,6:00,22:00,MEGR013
2020.10.03,Vágó-6,6:00,22:00,MEGR013
2020.10.03,Csomagoló-1,6:00,22:00,MEGR005
2020.10.03,Csomagoló-2,6:00,22:00,MEGR005
2020.10.03,Csomagoló-3,6:00,22:00,MEGR005
2020.10.03,Hegesztő-1,6:00,22:00,MEGR012
2020.10.03,Hegesztő-2,6:00,22:00,MEGR012
2020.10.03,Hegesztő-3,6:00,22:00,MEGR012
2020.10.03,Festő-1,6:00,22:00,MEGR012
2020.10.03,Festő-2,6:00,22:00,MEGR012
2020.10.03,Festő-3,6:00,22:00,MEGR012
2020.10.03,Festő-4,6:00,22:00,MEGR012
2020.10.04,Hajlító-1,6:00,22:00,MEGR011
2020.10.04,Hajlító-2,6:00,22:00,MEGR011
2020.10.04,Vágó-1,6:00,22:00,MEGR013
2020.10.04,Vágó-2,6:00,22:00,MEGR013
2020.10.04,Vágó-3,6:00,22:00,MEGR013
2020.10.04,Vágó-4,6:00,22:00,MEGR013
2020.10.04,Vágó-5,6:00,22:00,MEGR013
2020.10.04,Vágó-6,6:00,22:00,MEGR013
2020.10.04,Csomagoló-1,6:00,22:00,MEGR005
2020.10.04,Csomagoló-2,6:00,22:00,MEGR005
2020.10.04,Csomagoló-3,6:00,22:00,MEGR005
2020.10.04,Hegesztő-1,6:00,22:00,MEGR012
2020.10.04,Hegesztő-2,6:00,22:00,MEGR012
2020.10.04,Hegesztő-3,6:00,22:00,MEGR012
2020.10.04,Festő-1,6:00,22:00,MEGR012
2020.10.04,Festő-2,6:00,22:00,MEGR012
2020.10.04,Festő-3,6:00,22:00,MEGR012
2020.10.04,Festő-4,6:00,22:00,MEGR012
2020.10.05,Hajlító-1,6:00,22:00,MEGR011
2020.10.05,Hajlító-2,6:00,22:00,MEGR011
2020.10.05,Vágó-1,6:00,22:00,MEGR013
2020.10.05,Vágó-2,6:00,22:00,MEGR013
2020.10.05,Vágó-3,6:00,22:00,MEGR013
2020.10.05,Vágó-4,6:00,22:00,MEGR013
2020.10.05,Vágó-5,6:00,22:00,MEGR013
2020.10.05,Vágó-6,6:00,22:00,MEGR013
2020.10.05,Csomagoló-1,6:00,22:00,MEGR005
2020.10.05,Csomagoló-2,6:00,22:00,MEGR005
2020.10.05,Csomagoló-3,6:00,22:00,MEGR005
2020.10.05,Hegesztő-1,6:00,22:00,MEGR012
2020.10.05,Hegesztő-2,6:00,22:00,MEGR012
2020.10.05,Hegesztő-3,6:00,22:00,MEGR012
2020.10.05,Festő-1,6:00,22:00,MEGR012
2020.10.05,Festő-2,6:00,22:00,MEGR012
2020.10.05,Festő-3,6:00,22:00,MEGR012
2020.10.05,Festő-4,6:00,22:00,MEGR012
2020.10.06,Hajlító-1,6:00,22:00,MEGR011
2020.10.06,Hajlító-2,6:00,22:00,MEGR011
2020.10.06,Vágó-1,6:00,22:00,MEGR013
2020.10.06,Vágó-2,6:00,22:00,MEGR013
2020.10.06,Vágó-3,6:00,22:00,MEGR013
2020.10.06,Vágó-4,6:00,22:00,MEGR013
2020.10.06,Vágó-5,6:00,22:00,MEGR013
2020.10.06,Vágó-6,6:00,22:00,MEGR013
2020.10.06,Csomagoló-1,6:00,22:00,MEGR005
2020.10.06,Csomagoló-2,6:00,22:00,MEGR005
2020.10.06,Csomagoló-3,6:00,22:00,MEGR005
2020.10.06,Hegesztő-1,6:00,22:00,MEGR012
2020.10.06,Hegesztő-2,6:00,22:00,MEGR012
2020.10.06,Hegesztő-3,6:00,22:00,MEGR012
2020.10.06,Festő-1,6:00,22:00,MEGR012
2020.10.06,Festő-2,6:00,22:00,MEGR012
2020.10.06,Festő-3,6:00,22:00,MEGR012
2020.10.06,Festő-4,6:00,22:00,MEGR012
2020.10.07,Hajlító-1,6:00,22:00,MEGR011
2020.10.07,Hajlító-2,6:00,22:00,MEGR011
2020.10.07,Vágó-1,6:00,22:00,MEGR013
2020.10.07,Vágó-2,6:00,22:00,MEGR013
2020.10.07,Vágó-3,6:00,22:00,MEGR013
2020.10.07,Vágó-4,6:00,22:00,MEGR013
2020.10.07,Vágó-5,6:00,22:00,MEGR013
2020.10.07,Vágó-6,6:00,22:00,MEGR013
2020.10.07,Csomagoló-1,6:00,22:00,MEGR005
2020.10.07,Csomagoló-2,6:00,22:00,MEGR005
2020.10.07,Csomagoló-3,6:00,22:00,MEGR005
2020.10.07,Hegesztő-1,6:00,22:00,MEGR012
2020.10.07,Hegesztő-2,6:00,22:00,MEGR012
2020.10.07,Hegesztő-3,6:00,22:00,MEGR012
2020.10.07,Festő-1,6:00,22:00,MEGR012
2020.10.07,Festő-2,6:00,22:00,MEGR012
2020.10.07,Festő-3,6:00,22:00,MEGR012
2020.10.07,Festő-4,6:00,22:00,MEGR012
2020.10.08,Hajlító-1,6:00,22:00,MEGR011
2020.10.08,Hajlító-2,6:00,22:00,MEGR011
2020.10.08,Vágó-1,6:00,22:00,MEGR013
2020.10.08,Vágó-2,6:00,22:00,MEGR013
2020.10.08,Vágó-3,6:00,22:00,MEGR013
2020.10.08,Vágó-4,6:00,22:00,MEGR013
2020.10.08,Vágó-5,6:00,22:00,MEGR013
2020.10.08,Vágó-6,6:00,22:00,MEGR013
2020.10.08,Hegesztő-1,6:00,22:00,MEGR012
2020.10.08,Hegesztő-2,6:00,22:00,MEGR012
2020.10.08,Hegesztő-3,6:00,22:00,MEGR012
2020.10.08,Festő-1,6:00,22:00,MEGR012
2020.10.08,Festő-2,6:00,22:00,MEGR012
2020.10.08,Festő-3,6:00,22:00,MEGR012
2020.10.08,Festő-4,6:00,22:00,MEGR012
2020.10.09,Hajlító-1,6:00,22:00,MEGR011
2020.10.09,Hajlító-2,6:00,22:00,MEGR011
2020.10.09,Csomagoló-1,6:00,11:40,MEGR005
2020.10.09,Csomagoló-2,6:00,11:40,MEGR005
2020.10.09,Csomagoló-3,6:00,11:40,MEGR005
2020.10.09,Hegesztő-1,6:00,22:00,MEGR012
2020.10.09,Hegesztő-2,6:00,22:00,MEGR012
2020.10.09,Hegesztő-3,6:00,22:00,MEGR012
2020.10.09,Festő-1,6:00,22:00,MEGR012
2020.10.09,Festő-2,6:00,22:00,MEGR012
2020.10.09,Festő-3,6:00,22:00,MEGR012
2020.10.09,Festő-4,6:00,22:00,MEGR012
2020.10.09,Csomagoló-1,11:40,22:00,MEGR001
2020.10.09,Csomagoló-2,11:40,22:00,MEGR001
2020.10.09,Csomagoló-3,11:40,22:00,MEGR001
2020.10.10,Hajlító-1,6:00,22:00,MEGR011
2020.10.10,Hajlító-2,6:00,22:00,MEGR011
2020.10.10,Vágó-1,6:00,6:20,MEGR013
2020.10.10,Vágó-2,6:00,6:20,MEGR013
2020.10.10,Vágó-3,6:00,6:20,MEGR013
2020.10.10,Vágó-4,6:00,6:20,MEGR013
2020.10.10,Vágó-5,6:00,6:20,MEGR013
2020.10.10,Vágó-6,6:00,6:20,MEGR013
2020.10.10,Csomagoló-1,6:00,22:00,MEGR001
2020.10.10,Csomagoló-2,6:00,22:00,MEGR001
2020.10.10,Csomagoló-3,6:00,22:00,MEGR001
2020.10.10,Hegesztő-1,6:00,22:00,MEGR012
2020.10.10,Hegesztő-2,6:00,22:00,MEGR012
2020.10.10,Hegesztő-3,6:00,22:00,MEGR012
2020.10.10,Festő-1,6:00,22:00,MEGR012
2020.10.10,Festő-2,6:00,22:00,MEGR012
2020.10.10,Festő-3,6:00,22:00,MEGR012
2020.10.10,Festő-4,6:00,22:00,MEGR012
2020.10.10,Vágó-1,6:20,22:00,MEGR014
2020.10.10,Vágó-2,6:20,22:00,MEGR014
2020.10.10,Vágó-3,6:20,22:00,MEGR014
2020.10.10,Vágó-4,6:20,22:00,MEGR014
2020.10.10,Vágó-5,6:20,22:00,MEGR014
2020.10.10,Vágó-6,6:20,22:00,MEGR014
2020.10.11,Hajlító-1,6:00,22:00,MEGR011
2020.10.11,Hajlító-2,6:00,22:00,MEGR011
2020.10.11,Vágó-1,6:00,22:00,MEGR014
2020.10.11,Vágó-2,6:00,22:00,MEGR014
2020.10.11,Vágó-3,6:00,22:00,MEGR014
2020.10.11,Vágó-4,6:00,22:00,MEGR014
2020.10.11,Vágó-5,6:00,22:00,MEGR014
2020.10.11,Vágó-6,6:00,22:00,MEGR014
2020.10.11,Hegesztő-1,6:00,22:00,MEGR012
2020.10.11,Hegesztő-2,6:00,22:00,MEGR012
2020.10.11,Hegesztő-3,6:00,22:00,MEGR012
2020.10.11,Festő-1,6:00,22:00,MEGR012
2020.10.11,Festő-2,6:00,22:00,MEGR012
2020.10.11,Festő-3,6:00,22:00,MEGR012
2020.10.11,Festő-4,6:00,22:00,MEGR012
2020.10.12,Hajlító-1,6:00,22:00,MEGR011
2020.10.12,Hajlító-2,6:00,22:00,MEGR011
2020.10.12,Vágó-1,6:00,22:00,MEGR014
2020.10.12,Vágó-2,6:00,22:00,MEGR014
2020.10.12,Vágó-3,6:00,22:00,MEGR014
2020.10.12,Vágó-4,6:00,22:00,MEGR014
2020.10.12,Vágó-5,6:00,22:00,MEGR014
2020.10.12,Vágó-6,6:00,22:00,MEGR014
2020.10.12,Csomagoló-1,6:00,11:13,MEGR001
2020.10.12,Csomagoló-2,6:00,11:13,MEGR001
2020.10.12,Csomagoló-3,6:00,11:13,MEGR001
2020.10.12,Hegesztő-1,6:00,22:00,MEGR012
2020.10.12,Hegesztő-2,6:00,22:00,MEGR012
2020.10.12,Hegesztő-3,6:00,22:00,MEGR012
2020.10.12,Festő-1,6:00,22:00,MEGR012
2020.10.12,Festő-2,6:00,22:00,MEGR012
2020.10.12,Festő-3,6:00,22:00,MEGR012
2020.10.12,Festő-4,6:00,22:00,MEGR012
2020.10.13,Hajlító-1,6:00,22:00,MEGR011
2020.10.13,Hajlító-2,6:00,22:00,MEGR011
2020.10.13,Vágó-1,6:00,22:00,MEGR014
2020.10.13,Vágó-2,6:00,22:00,MEGR014
2020.10.13,Vágó-3,6:00,22:00,MEGR014
2020.10.13,Vágó-4,6:00,22:00,MEGR014
2020.10.13,Vágó-5,6:00,22:00,MEGR014
2020.10.13,Vágó-6,6:00,22:00,MEGR014
2020.10.13,Hegesztő-1,6:00,22:00,MEGR012
2020.10.13,Hegesztő-2,6:00,22:00,MEGR012
2020.10.13,Hegesztő-3,6:00,22:00,MEGR012
2020.10.13,Festő-1,6:00,22:00,MEGR012
2020.10.13,Festő-2,6:00,22:00,MEGR012
2020.10.13,Festő-3,6:00,22:00,MEGR012
2020.10.13,Festő-4,6:00,22:00,MEGR012
2020.10.14,Hajlító-1,6:00,22:00,MEGR011
2020.10.14,Hajlító-2,6:00,22:00,MEGR011
2020.10.14,Vágó-1,6:00,22:00,MEGR014
2020.10.14,Vágó-2,6:00,22:00,MEGR014
2020.10.14,Vágó-3,6:00,22:00,MEGR014
2020.10.14,Vágó-4,6:00,22:00,MEGR014
2020.10.14,Vágó-5,6:00,22:00,MEGR014
2020.10.14,Vágó-6,6:00,22:00,MEGR014
2020.10.14,Festő-1,6:00,18:47,MEGR012
2020.10.14,Festő-2,6:00,18:47,MEGR012
2020.10.14,Festő-3,6:00,18:47,MEGR012
2020.10.14,Festő-4,6:00,18:47,MEGR012
2020.10.14,Csomagoló-1,18:47,22:00,MEGR012
2020.10.14,Csomagoló-2,18:47,22:00,MEGR012
2020.10.14,Csomagoló-3,18:47,22:00,MEGR012
2020.10.15,Hajlító-1,6:00,22:00,MEGR011
2020.10.15,Hajlító-2,6:00,22:00,MEGR011
2020.10.15,Vágó-1,6:00,22:00,MEGR014
2020.10.15,Vágó-2,6:00,22:00,MEGR014
2020.10.15,Vágó-3,6:00,22:00,MEGR014
2020.10.15,Vágó-4,6:00,22:00,MEGR014
2020.10.15,Vágó-5,6:00,22:00,MEGR014
2020.10.15,Vágó-6,6:00,22:00,MEGR014
2020.10.15,Hegesztő-1,6:00,14:45,MEGR012
2020.10.15,Hegesztő-2,6:00,14:45,MEGR012
2020.10.15,Hegesztő-3,6:00,14:45,MEGR012
2020.10.15,Csomagoló-1,6:00,22:00,MEGR012
2020.10.15,Csomagoló-2,6:00,22:00,MEGR012
2020.10.15,Csomagoló-3,6:00,22:00,MEGR012
2020.10.15,Tesztelő-1,14:45,22:00,MEGR012
2020.10.16,Hajlító-1,6:00,22:00,MEGR011
2020.10.16,Hajlító-2,6:00,22:00,MEGR011
2020.10.16,Vágó-1,6:00,9:00,MEGR014
2020.10.16,Vágó-2,6:00,9:00,MEGR014
2020.10.16,Vágó-3,6:00,9:00,MEGR014
2020.10.16,Vágó-4,6:00,9:00,MEGR014
2020.10.16,Vágó-5,6:00,9:00,MEGR014
2020.10.16,Vágó-6,6:00,9:00,MEGR014
2020.10.16,Tesztelő-1,6:00,22:00,MEGR012
2020.10.16,Csomagoló-1,6:00,22:00,MEGR012
2020.10.16,Csomagoló-2,6:00,22:00,MEGR012
2020.10.16,Csomagoló-3,6:00,22:00,MEGR012
2020.10.16,Vágó-1,9:00,22:00,MEGR007
2020.10.16,Vágó-2,9:00,22:00,MEGR007
2020.10.16,Vágó-3,9:00,22:00,MEGR007
2020.10.16,Vágó-4,9:00,22:00,MEGR007
2020.10.16,Vágó-5,9:00,22:00,MEGR007
2020.10.16,Vágó-6,9:00,22:00,MEGR007
2020.10.17,Hajlító-1,6:00,22:00,MEGR011
2020.10.17,Hajlító-2,6:00,22:00,MEGR011
2020.10.17,Vágó-1,6:00,22:00,MEGR007
2020.10.17,Vágó-2,6:00,22:00,MEGR007
2020.10.17,Vágó-3,6:00,22:00,MEGR007
2020.10.17,Vágó-4,6:00,22:00,MEGR007
2020.10.17,Vágó-5,6:00,22:00,MEGR007
2020.10.17,Vágó-6,6:00,22:00,MEGR007
2020.10.17,Tesztelő-1,6:00,22:00,MEGR012
2020.10.17,Csomagoló-1,6:00,22:00,MEGR012
2020.10.17,Csomagoló-2,6:00,22:00,MEGR012
2020.10.17,Csomagoló-3,6:00,22:00,MEGR012
2020.10.18,Hajlító-1,6:00,22:00,MEGR011
2020.10.18,Hajlító-2,6:00,22:00,MEGR011
2020.10.18,Vágó-1,6:00,22:00,MEGR007
2020.10.18,Vágó-2,6:00,22:00,MEGR007
2020.10.18,Vágó-3,6:00,22:00,MEGR007
2020.10.18,Vágó-4,6:00,22:00,MEGR007
2020.10.18,Vágó-5,6:00,22:00,MEGR007
2020.10.18,Vágó-6,6:00,22:00,MEGR007
2020.10.18,Tesztelő-1,6:00,22:00,MEGR012
2020.10.18,Csomagoló-1,6:00,22:00,MEGR012
2020.10.18,Csomagoló-2,6:00,22:00,MEGR012
2020.10.18,Csomagoló-3,6:00,22:00,MEGR012
2020.10.19,Hajlító-1,6:00,22:00,MEGR011
2020.10.19,Hajlító-2,6:00,22:00,MEGR011
2020.10.19,Vágó-1,6:00,22:00,MEGR007
2020.10.19,Vágó-2,6:00,22:00,MEGR007
2020.10.19,Vágó-3,6:00,22:00,MEGR007
2020.10.19,Vágó-4,6:00,22:00,MEGR007
2020.10.19,Vágó-5,6:00,22:00,MEGR007
2020.10.19,Vágó-6,6:00,22:00,MEGR007
2020.10.19,Tesztelő-1,6:00,22:00,MEGR012
2020.10.19,Csomagoló-1,6:00,22:00,MEGR012
2020.10.19,Csomagoló-2,6:00,22:00,MEGR012
2020.10.19,Csomagoló-3,6:00,22:00,MEGR012
2020.10.20,Hajlító-1,6:00,22:00,MEGR011
2020.10.20,Hajlító-2,6:00,22:00,MEGR011
2020.10.20,Vágó-1,6:00,22:00,MEGR007
2020.10.20,Vágó-2,6:00,22:00,MEGR007
2020.10.20,Vágó-3,6:00,22:00,MEGR007
2020.10.20,Vágó-4,6:00,22:00,MEGR007
2020.10.20,Vágó-5,6:00,22:00,MEGR007
2020.10.20,Vágó-6,6:00,22:00,MEGR007
2020.10.20,Tesztelő-1,6:00,22:00,MEGR012
2020.10.20,Csomagoló-1,6:00,22:00,MEGR012
2020.10.20,Csomagoló-2,6:00,22:00,MEGR012
2020.10.20,Csomagoló-3,6:00,22:00,MEGR012
2020.10.21,Hajlító-1,6:00,22:00,MEGR011
2020.10.21,Hajlító-2,6:00,22:00,MEGR011
2020.10.21,Vágó-1,6:00,22:00,MEGR007
2020.10.21,Vágó-2,6:00,22:00,MEGR007
2020.10.21,Vágó-3,6:00,22:00,MEGR007
2020.10.21,Vágó-4,6:00,22:00,MEGR007
2020.10.21,Vágó-5,6:00,22:00,MEGR007
2020.10.21,Vágó-6,6:00,22:00,MEGR007
2020.10.21,Tesztelő-1,6:00,22:00,MEGR012
2020.10.21,Csomagoló-1,6:00,22:00,MEGR012
2020.10.21,Csomagoló-2,6:00,22:00,MEGR012
2020.10.21,Csomagoló-3,6:00,22:00,MEGR012
2020.10.22,Hajlító-1,6:00,22:00,MEGR011
2020.10.22,Hajlító-2,6:00,22:00,MEGR011
2020.10.22,Vágó-1,6:00,22:00,MEGR007
2020.10.22,Vágó-2,6:00,22:00,MEGR007
2020.10.22,Vágó-3,6:00,22:00,MEGR007
2020.10.22,Vágó-4,6:00,22:00,MEGR007
2020.10.22,Vágó-5,6:00,22:00,MEGR007
2020.10.22,Vágó-6,6:00,22:00,MEGR007
2020.10.22,Tesztelő-1,6:00,22:00,MEGR012
2020.10.22,Csomagoló-1,6:00,22:00,MEGR012
2020.10.22,Csomagoló-2,6:00,22:00,MEGR012
2020.10.22,Csomagoló-3,6:00,22:00,MEGR012
2020.10.23,Hajlító-1,6:00,22:00,MEGR011
2020.10.23,Hajlító-2,6:00,22:00,MEGR011
2020.10.23,Vágó-1,6:00,22:00,MEGR007
2020.10.23,Vágó-2,6:00,22:00,MEGR007
2020.10.23,Vágó-3,6:00,22:00,MEGR007
2020.10.23,Vágó-4,6:00,22:00,MEGR007
2020.10.23,Vágó-5,6:00,22:00,MEGR007
2020.10.23,Vágó-6,6:00,22:00,MEGR007
2020.10.23,Tesztelő-1,6:00,22:00,MEGR012
2020.10.23,Csomagoló-1,6:00,22:00,MEGR012
2020.10.23,Csomagoló-2,6:00,22:00,MEGR012
2020.10.23,Csomagoló-3,6:00,22:00,MEGR012
2020.10.24,Hajlító-1,6:00,22:00,MEGR011
2020.10.24,Hajlító-2,6:00,22:00,MEGR011
2020.10.24,Vágó-1,6:00,22:00,MEGR007
2020.10.24,Vágó-2,6:00,22:00,MEGR007
2020.10.24,Vágó-3,6:00,22:00,MEGR007
2020.10.24,Vágó-4,6:00,22:00,MEGR007
2020.10.24,Vágó-5,6:00,22:00,MEGR007
2020.10.24,Vágó-6,6:00,22:00,MEGR007
2020.10.24,Tesztelő-1,6:00,22:00,MEGR012
2020.10.24,Csomagoló-1,6:00,22:00,MEGR012
2020.10.24,Csomagoló-2,6:00,22:00,MEGR012
2020.10.24,Csomagoló-3,6:00,22:00,MEGR012
2020.10.25,Hajlító-1,6:00,22:00,MEGR011
2020.10.25,Hajlító-2,6:00,22:00,MEGR011
2020.10.25,Vágó-1,6:00,22:00,MEGR007
2020.10.25,Vágó-2,6:00,22:00,MEGR007
2020.10.25,Vágó-3,6:00,22:00,MEGR007
2020.10.25,Vágó-4,6:00,22:00,MEGR007
2020.10.25,Vágó-5,6:00,22:00,MEGR007
2020.10.25,Vágó-6,6:00,22:00,MEGR007
2020.10.25,Tesztelő-1,6:00,22:00,MEGR012
2020.10.25,Csomagoló-1,6:00,22:00,MEGR012
2020.10.25,Csomagoló-2,6:00,22:00,MEGR012
2020.10.25,Csomagoló-3,6:00,22:00,MEGR012
2020.10.26,Hajlító-1,6:00,22:00,MEGR011
2020.10.26,Hajlító-2,6:00,22:00,MEGR011
2020.10.26,Vágó-1,6:00,22:00,MEGR007
2020.10.26,Vágó-2,6:00,22:00,MEGR007
2020.10.26,Vágó-3,6:00,22:00,MEGR007
2020.10.26,Vágó-4,6:00,22:00,MEGR007
2020.10.26,Vágó-5,6:00,22:00,MEGR007
2020.10.26,Vágó-6,6:00,22:00,MEGR007
2020.10.26,Tesztelő-1,6:00,22:00,MEGR012
2020.10.26,Csomagoló-1,6:00,22:00,MEGR012
2020.10.26,Csomagoló-2,6:00,22:00,MEGR012
2020.10.26,Csomagoló-3,6:00,22:00,MEGR012
2020.10.27,Hajlító-1,6:00,22:00,MEGR011
2020.10.27,Hajlító-2,6:00,22:00,MEGR011
2020.10.27,Vágó-1,6:00,22:00,MEGR007
2020.10.27,Vágó-2,6:00,22:00,MEGR007
2020.10.27,Vágó-3,6:00,22:00,MEGR007
2020.10.27,Vágó-4,6:00,22:00,MEGR007
2020.10.27,Vágó-5,6:00,22:00,MEGR007
2020.10.27,Vágó-6,6:00,22:00,MEGR007
2020.10.27,Tesztelő-1,6:00,22:00,MEGR012
2020.10.27,Csomagoló-1,6:00,22:00,MEGR012
2020.10.27,Csomagoló-2,6:00,22:00,MEGR012
2020.10.27,Csomagoló-3,6:00,22:00,MEGR012
2020.10.28,Hajlító-1,6:00,22:00,MEGR011
2020.10.28,Hajlító-2,6:00,22:00,MEGR011
2020.10.28,Vágó-1,6:00,22:00,MEGR007
2020.10.28,Vágó-2,6:00,22:00,MEGR007
2020.10.28,Vágó-3,6:00,22:00,MEGR007
2020.10.28,Vágó-4,6:00,22:00,MEGR007
2020.10.28,Vágó-5,6:00,22:00,MEGR007
2020.10.28,Vágó-6,6:00,22:00,MEGR007
2020.10.28,Tesztelő-1,6:00,22:00,MEGR012
2020.10.28,Csomagoló-1,6:00,22:00,MEGR012
2020.10.28,Csomagoló-2,6:00,22:00,MEGR012
2020.10.28,Csomagoló-3,6:00,22:00,MEGR012
2020.10.29,Hajlító-1,6:00,22:00,MEGR011
2020.10.29,Hajlító-2,6:00,22:00,MEGR011
2020.10.29,Vágó-1,6:00,11:10,MEGR007
2020.10.29,Vágó-2,6:00,11:10,MEGR007
2020.10.29,Vágó-3,6:00,11:10,MEGR007
2020.10.29,Vágó-4,6:00,11:10,MEGR007
2020.10.29,Vágó-5,6:00,11:10,MEGR007
2020.10.29,Vágó-6,6:00,11:10,MEGR007
2020.10.29,Tesztelő-1,6:00,22:00,MEGR012
2020.10.29,Vágó-1,11:10,22:00,MEGR005
2020.10.29,Vágó-2,11:10,22:00,MEGR005
2020.10.29,Vágó-3,11:10,22:00,MEGR005
2020.10.29,Vágó-4,11:10,22:00,MEGR005
2020.10.29,Vágó-5,11:10,22:00,MEGR005
2020.10.29,Vágó-6,11:10,22:00,MEGR005
2020.10.30,Hajlító-1,6:00,22:00,MEGR011
2020.10.30,Hajlító-2,6:00,22:00,MEGR011
2020.10.30,Vágó-1,6:00,22:00,MEGR005
2020.10.30,Vágó-2,6:00,22:00,MEGR005
2020.10.30,Vágó-3,6:00,22:00,MEGR005
2020.10.30,Vágó-4,6:00,22:00,MEGR005
2020.10.30,Vágó-5,6:00,22:00,MEGR005
2020.10.30,Vágó-6,6:00,22:00,MEGR005
2020.10.30,Tesztelő-1,6:00,22:00,MEGR012
2020.10.30,Csomagoló-1,6:00,8:47,MEGR012
2020.10.30,Csomagoló-2,6:00,8:47,MEGR012
2020.10.30,Csomagoló-3,6:00,8:47,MEGR012
2020.10.31,Vágó-1,6:00,22:00,MEGR005
2020.10.31,Vágó-2,6:00,22:00,MEGR005
2020.10.31,Vágó-3,6:00,22:00,MEGR005
2020.10.31,Vágó-4,6:00,22:00,MEGR005
2020.10.31,Vágó-5,6:00,22:00,MEGR005
2020.10.31,Vágó-6,6:00,22:00,MEGR005
2020.10.31,Tesztelő-1,6:00,22:00,MEGR012
2020.11.01,Hajlító-1,6:00,7:00,MEGR011
2020.11.01,Hajlító-2,6:00,7:00,MEGR011
2020.11.01,Vágó-1,6:00,22:00,MEGR005
2020.11.01,Vágó-2,6:00,22:00,MEGR005
2020.11.01,Vágó-3,6:00,22:00,MEGR005
2020.11.01,Vágó-4,6:00,22:00,MEGR005
2020.11.01,Vágó-5,6:00,22:00,MEGR005
2020.11.01,Vágó-6,6:00,22:00,MEGR005
2020.11.01,Tesztelő-1,6:00,22:00,MEGR012
2020.11.01,Hegesztő-1,7:00,22:00,MEGR011
2020.11.01,Hegesztő-2,7:00,22:00,MEGR011
2020.11.01,Hegesztő-3,7:00,22:00,MEGR011
2020.11.01,Hajlító-1,7:00,22:00,MEGR002
2020.11.01,Hajlító-2,7:00,22:00,MEGR002
2020.11.02,Hegesztő-1,6:00,22:00,MEGR011
2020.11.02,Hegesztő-2,6:00,22:00,MEGR011
2020.11.02,Hegesztő-3,6:00,22:00,MEGR011
2020.11.02,Hajlító-1,6:00,22:00,MEGR002
2020.11.02,Hajlító-2,6:00,22:00,MEGR002
2020.11.02,Vágó-1,6:00,22:00,MEGR005
2020.11.02,Vágó-2,6:00,22:00,MEGR005
2020.11.02,Vágó-3,6:00,22:00,MEGR005
2020.11.02,Vágó-4,6:00,22:00,MEGR005
2020.11.02,Vágó-5,6:00,22:00,MEGR005
2020.11.02,Vágó-6,6:00,22:00,MEGR005
2020.11.03,Hegesztő-1,6:00,22:00,MEGR011
2020.11.03,Hegesztő-2,6:00,22:00,MEGR011
2020.11.03,Hegesztő-3,6:00,22:00,MEGR011
2020.11.03,Hajlító-1,6:00,22:00,MEGR002
2020.11.03,Hajlító-2,6:00,22:00,MEGR002
2020.11.03,Vágó-1,6:00,22:00,MEGR005
2020.11.03,Vágó-2,6:00,22:00,MEGR005
2020.11.03,Vágó-3,6:00,22:00,MEGR005
2020.11.03,Vágó-4,6:00,22:00,MEGR005
2020.11.03,Vágó-5,6:00,22:00,MEGR005
2020.11.03,Vágó-6,6:00,22:00,MEGR005
2020.11.03,Tesztelő-1,6:00,8:15,MEGR012
2020.11.04,Hegesztő-1,6:00,22:00,MEGR011
2020.11.04,Hegesztő-2,6:00,22:00,MEGR011
2020.11.04,Hegesztő-3,6:00,22:00,MEGR011
2020.11.04,Hajlító-1,6:00,22:00,MEGR002
2020.11.04,Hajlító-2,6:00,22:00,MEGR002
2020.11.04,Vágó-1,6:00,22:00,MEGR005
2020.11.04,Vágó-2,6:00,22:00,MEGR005
2020.11.04,Vágó-3,6:00,22:00,MEGR005
2020.11.04,Vágó-4,6:00,22:00,MEGR005
2020.11.04,Vágó-5,6:00,22:00,MEGR005
2020.11.04,Vágó-6,6:00,22:00,MEGR005
2020.11.05,Hegesztő-1,6:00,22:00,MEGR011
2020.11.05,Hegesztő-2,6:00,22:00,MEGR011
2020.11.05,Hegesztő-3,6:00,22:00,MEGR011
2020.11.05,Hajlító-1,6:00,22:00,MEGR002
2020.11.05,Hajlító-2,6:00,22:00,MEGR002
2020.11.05,Vágó-1,6:00,22:00,MEGR005
2020.11.05,Vágó-2,6:00,22:00,MEGR005
2020.11.05,Vágó-3,6:00,22:00,MEGR005
2020.11.05,Vágó-4,6:00,22:00,MEGR005
2020.11.05,Vágó-5,6:00,22:00,MEGR005
2020.11.05,Vágó-6,6:00,22:00,MEGR005
2020.11.06,Hegesztő-1,6:00,22:00,MEGR011
2020.11.06,Hegesztő-2,6:00,22:00,MEGR011
2020.11.06,Hegesztő-3,6:00,22:00,MEGR011
2020.11.06,Hajlító-1,6:00,22:00,MEGR002
2020.11.06,Hajlító-2,6:00,22:00,MEGR002
2020.11.06,Vágó-1,6:00,22:00,MEGR005
2020.11.06,Vágó-2,6:00,22:00,MEGR005
2020.11.06,Vágó-3,6:00,22:00,MEGR005
2020.11.06,Vágó-4,6:00,22:00,MEGR005
2020.11.06,Vágó-5,6:00,22:00,MEGR005
2020.11.06,Vágó-6,6:00,22:00,MEGR005
2020.11.07,Hegesztő-1,6:00,22:00,MEGR011
2020.11.07,Hegesztő-2,6:00,22:00,MEGR011
2020.11.07,Hegesztő-3,6:00,22:00,MEGR011
2020.11.07,Hajlító-1,6:00,22:00,MEGR002
2020.11.07,Hajlító-2,6:00,22:00,MEGR002
2020.11.07,Vágó-1,6:00,22:00,MEGR005
2020.11.07,Vágó-2,6:00,22:00,MEGR005
2020.11.07,Vágó-3,6:00,22:00,MEGR005
2020.11.07,Vágó-4,6:00,22:00,MEGR005
2020.11.07,Vágó-5,6:00,22:00,MEGR005
2020.11.07,Vágó-6,6:00,22:00,MEGR005
2020.11.08,Hegesztő-1,6:00,22:00,MEGR011
2020.11.08,Hegesztő-2,6:00,22:00,MEGR011
2020.11.08,Hegesztő-3,6:00,22:00,MEGR011
2020.11.08,Hajlító-1,6:00,22:00,MEGR002
2020.11.08,Hajlító-2,6:00,22:00,MEGR002
2020.11.08,Vágó-1,6:00,22:00,MEGR005
2020.11.08,Vágó-2,6:00,22:00,MEGR005
2020.11.08,Vágó-3,6:00,22:00,MEGR005
2020.11.08,Vágó-4,6:00,22:00,MEGR005
2020.11.08,Vágó-5,6:00,22:00,MEGR005
2020.11.08,Vágó-6,6:00,22:00,MEGR005
2020.11.09,Hegesztő-1,6:00,22:00,MEGR011
2020.11.09,Hegesztő-2,6:00,22:00,MEGR011
2020.11.09,Hegesztő-3,6:00,22:00,MEGR011
2020.11.09,Hajlító-1,6:00,22:00,MEGR002
2020.11.09,Hajlító-2,6:00,22:00,MEGR002
2020.11.09,Vágó-1,6:00,22:00,MEGR005
2020.11.09,Vágó-2,6:00,22:00,MEGR005
2020.11.09,Vágó-3,6:00,22:00,MEGR005
2020.11.09,Vágó-4,6:00,22:00,MEGR005
2020.11.09,Vágó-5,6:00,22:00,MEGR005
2020.11.09,Vágó-6,6:00,22:00,MEGR005
2020.11.10,Hegesztő-1,6:00,22:00,MEGR011
2020.11.10,Hegesztő-2,6:00,22:00,MEGR011
2020.11.10,Hegesztő-3,6:00,22:00,MEGR011
2020.11.10,Hajlító-1,6:00,7:00,MEGR002
2020.11.10,Hajlító-2,6:00,7:00,MEGR002
2020.11.10,Vágó-1,6:00,22:00,MEGR005
2020.11.10,Vágó-2,6:00,22:00,MEGR005
2020.11.10,Vágó-3,6:00,22:00,MEGR005
2020.11.10,Vágó-4,6:00,22:00,MEGR005
2020.11.10,Vágó-5,6:00,22:00,MEGR005
2020.11.10,Vágó-6,6:00,22:00,MEGR005
2020.11.10,Hajlító-1,7:00,22:00,MEGR006
2020.11.10,Hajlító-2,7:00,22:00,MEGR006
2020.11.11,Hegesztő-1,6:00,22:00,MEGR011
2020.11.11,Hegesztő-2,6:00,22:00,MEGR011
2020.11.11,Hegesztő-3,6:00,22:00,MEGR011
2020.11.11,Hajlító-1,6:00,22:00,MEGR006
2020.11.11,Hajlító-2,6:00,22:00,MEGR006
2020.11.11,Vágó-1,6:00,22:00,MEGR005
2020.11.11,Vágó-2,6:00,22:00,MEGR005
2020.11.11,Vágó-3,6:00,22:00,MEGR005
2020.11.11,Vágó-4,6:00,22:00,MEGR005
2020.11.11,Vágó-5,6:00,22:00,MEGR005
2020.11.11,Vágó-6,6:00,22:00,MEGR005
2020.11.12,Hegesztő-1,6:00,22:00,MEGR011
2020.11.12,Hegesztő-2,6:00,22:00,MEGR011
2020.11.12,Hegesztő-3,6:00,22:00,MEGR011
2020.11.12,Hajlító-1,6:00,22:00,MEGR006
2020.11.12,Hajlító-2,6:00,22:00,MEGR006
2020.11.12,Vágó-1,6:00,22:00,MEGR005
2020.11.12,Vágó-2,6:00,22:00,MEGR005
2020.11.12,Vágó-3,6:00,22:00,MEGR005
2020.11.12,Vágó-4,6:00,22:00,MEGR005
2020.11.12,Vágó-5,6:00,22:00,MEGR005
2020.11.12,Vágó-6,6:00,22:00,MEGR005
2020.11.13,Hegesztő-1,6:00,22:00,MEGR011
2020.11.13,Hegesztő-2,6:00,22:00,MEGR011
2020.11.13,Hegesztő-3,6:00,22:00,MEGR011
2020.11.13,Hajlító-1,6:00,11:00,MEGR006
2020.11.13,Hajlító-2,6:00,11:00,MEGR006
2020.11.13,Vágó-1,6:00,22:00,MEGR005
2020.11.13,Vágó-2,6:00,22:00,MEGR005
2020.11.13,Vágó-3,6:00,22:00,MEGR005
2020.11.13,Vágó-4,6:00,22:00,MEGR005
2020.11.13,Vágó-5,6:00,22:00,MEGR005
2020.11.13,Vágó-6,6:00,22:00,MEGR005
2020.11.13,Hajlító-1,11:00,22:00,MEGR013
2020.11.13,Hajlító-2,11:00,22:00,MEGR013
2020.11.14,Hegesztő-1,6:00,22:00,MEGR011
2020.11.14,Hegesztő-2,6:00,22:00,MEGR011
2020.11.14,Hegesztő-3,6:00,22:00,MEGR011
2020.11.14,Hajlító-1,6:00,22:00,MEGR013
2020.11.14,Hajlító-2,6:00,22:00,MEGR013
2020.11.14,Vágó-1,6:00,22:00,MEGR005
2020.11.14,Vágó-2,6:00,22:00,MEGR005
2020.11.14,Vágó-3,6:00,22:00,MEGR005
2020.11.14,Vágó-4,6:00,22:00,MEGR005
2020.11.14,Vágó-5,6:00,22:00,MEGR005
2020.11.14,Vágó-6,6:00,22:00,MEGR005
2020.11.15,Hegesztő-1,6:00,22:00,MEGR011
2020.11.15,Hegesztő-2,6:00,22:00,MEGR011
2020.11.15,Hegesztő-3,6:00,22:00,MEGR011
2020.11.15,Hajlító-1,6:00,22:00,MEGR013
2020.11.15,Hajlító-2,6:00,22:00,MEGR013
2020.11.15,Vágó-1,6:00,22:00,MEGR005
2020.11.15,Vágó-2,6:00,22:00,MEGR005
2020.11.15,Vágó-3,6:00,22:00,MEGR005
2020.11.15,Vágó-4,6:00,22:00,MEGR005
2020.11.15,Vágó-5,6:00,22:00,MEGR005
2020.11.15,Vágó-6,6:00,22:00,MEGR005
2020.11.16,Hegesztő-1,6:00,22:00,MEGR011
2020.11.16,Hegesztő-2,6:00,22:00,MEGR011
2020.11.16,Hegesztő-3,6:00,22:00,MEGR011
2020.11.16,Hajlító-1,6:00,22:00,MEGR013
2020.11.16,Hajlító-2,6:00,22:00,MEGR013
2020.11.16,Vágó-1,6:00,22:00,MEGR005
2020.11.16,Vágó-2,6:00,22:00,MEGR005
2020.11.16,Vágó-3,6:00,22:00,MEGR005
2020.11.16,Vágó-4,6:00,22:00,MEGR005
2020.11.16,Vágó-5,6:00,22:00,MEGR005
2020.11.16,Vágó-6,6:00,22:00,MEGR005
2020.11.17,Hegesztő-1,6:00,22:00,MEGR011
2020.11.17,Hegesztő-2,6:00,22:00,MEGR011
2020.11.17,Hegesztő-3,6:00,22:00,MEGR011
2020.11.17,Hajlító-1,6:00,22:00,MEGR013
2020.11.17,Hajlító-2,6:00,22:00,MEGR013
2020.11.17,Vágó-1,6:00,22:00,MEGR005
2020.11.17,Vágó-2,6:00,22:00,MEGR005
2020.11.17,Vágó-3,6:00,22:00,MEGR005
2020.11.17,Vágó-4,6:00,22:00,MEGR005
2020.11.17,Vágó-5,6:00,22:00,MEGR005
2020.11.17,Vágó-6,6:00,22:00,MEGR005
2020.11.18,Hegesztő-1,6:00,22:00,MEGR011
2020.11.18,Hegesztő-2,6:00,22:00,MEGR011
2020.11.18,Hegesztő-3,6:00,22:00,MEGR011
2020.11.18,Hajlító-1,6:00,22:00,MEGR013
2020.11.18,Hajlító-2,6:00,22:00,MEGR013
2020.11.19,Hegesztő-1,6:00,20:20,MEGR011
2020.11.19,Hegesztő-2,6:00,20:20,MEGR011
2020.11.19,Hegesztő-3,6:00,20:20,MEGR011
2020.11.19,Hajlító-1,6:00,22:00,MEGR013
2020.11.19,Hajlító-2,6:00,22:00,MEGR013
2020.11.19,Vágó-1,6:00,10:10,MEGR005
2020.11.19,Vágó-2,6:00,10:10,MEGR005
2020.11.19,Vágó-3,6:00,10:10,MEGR005
2020.11.19,Vágó-4,6:00,10:10,MEGR005
2020.11.19,Vágó-5,6:00,10:10,MEGR005
2020.11.19,Vágó-6,6:00,10:10,MEGR005
2020.11.19,Vágó-1,10:10,22:00,MEGR001
2020.11.19,Vágó-2,10:10,22:00,MEGR001
2020.11.19,Vágó-3,10:10,22:00,MEGR001
2020.11.19,Vágó-4,10:10,22:00,MEGR001
2020.11.19,Vágó-5,10:10,22:00,MEGR001
2020.11.19,Vágó-6,10:10,22:00,MEGR001
2020.11.19,Tesztelő-1,20:20,22:00,MEGR011
2020.11.19,Hegesztő-1,20:20,22:00,MEGR002
2020.11.19,Hegesztő-2,20:20,22:00,MEGR002
2020.11.19,Hegesztő-3,20:20,22:00,MEGR002
2020.11.20,Tesztelő-1,6:00,22:00,MEGR011
2020.11.20,Hegesztő-1,6:00,22:00,MEGR002
2020.11.20,Hegesztő-2,6:00,22:00,MEGR002
2020.11.20,Hegesztő-3,6:00,22:00,MEGR002
2020.11.20,Hajlító-1,6:00,22:00,MEGR013
2020.11.20,Hajlító-2,6:00,22:00,MEGR013
2020.11.20,Vágó-1,6:00,22:00,MEGR001
2020.11.20,Vágó-2,6:00,22:00,MEGR001
2020.11.20,Vágó-3,6:00,22:00,MEGR001
2020.11.20,Vágó-4,6:00,22:00,MEGR001
2020.11.20,Vágó-5,6:00,22:00,MEGR001
2020.11.20,Vágó-6,6:00,22:00,MEGR001
2020.11.21,Tesztelő-1,6:00,22:00,MEGR011
2020.11.21,Hegesztő-1,6:00,22:00,MEGR002
2020.11.21,Hegesztő-2,6:00,22:00,MEGR002
2020.11.21,Hegesztő-3,6:00,22:00,MEGR002
2020.11.21,Hajlító-1,6:00,12:20,MEGR013
2020.11.21,Hajlító-2,6:00,12:20,MEGR013
2020.11.21,Vágó-1,6:00,22:00,MEGR001
2020.11.21,Vágó-2,6:00,22:00,MEGR001
2020.11.21,Vágó-3,6:00,22:00,MEGR001
2020.11.21,Vágó-4,6:00,22:00,MEGR001
2020.11.21,Vágó-5,6:00,22:00,MEGR001
2020.11.21,Vágó-6,6:00,22:00,MEGR001
2020.11.21,Hajlító-1,12:20,22:00,MEGR014
2020.11.21,Hajlító-2,12:20,22:00,MEGR014
2020.11.22,Tesztelő-1,6:00,22:00,MEGR011
2020.11.22,Hegesztő-1,6:00,22:00,MEGR002
2020.11.22,Hegesztő-2,6:00,22:00,MEGR002
2020.11.22,Hegesztő-3,6:00,22:00,MEGR002
2020.11.22,Hajlító-1,6:00,22:00,MEGR014
2020.11.22,Hajlító-2,6:00,22:00,MEGR014
2020.11.22,Vágó-1,6:00,22:00,MEGR001
2020.11.22,Vágó-2,6:00,22:00,MEGR001
2020.11.22,Vágó-3,6:00,22:00,MEGR001
2020.11.22,Vágó-4,6:00,22:00,MEGR001
2020.11.22,Vágó-5,6:00,22:00,MEGR001
2020.11.22,Vágó-6,6:00,22:00,MEGR001
2020.11.23,Tesztelő-1,6:00,22:00,MEGR011
2020.11.23,Hajlító-1,6:00,22:00,MEGR014
2020.11.23,Hajlító-2,6:00,22:00,MEGR014
2020.11.23,Vágó-1,6:00,21:30,MEGR001
2020.11.23,Vágó-2,6:00,21:30,MEGR001
2020.11.23,Vágó-3,6:00,21:30,MEGR001
2020.11.23,Vágó-4,6:00,21:30,MEGR001
2020.11.23,Vágó-5,6:00,21:30,MEGR001
2020.11.23,Vágó-6,6:00,21:30,MEGR001
2020.11.23,Vágó-1,21:30,22:00,MEGR012
2020.11.23,Vágó-2,21:30,22:00,MEGR012
2020.11.23,Vágó-3,21:30,22:00,MEGR012
2020.11.23,Vágó-4,21:30,22:00,MEGR012
2020.11.23,Vágó-5,21:30,22:00,MEGR012
2020.11.23,Vágó-6,21:30,22:00,MEGR012
2020.11.24,Tesztelő-1,6:00,22:00,MEGR011
2020.11.24,Hegesztő-1,6:00,12:20,MEGR002
2020.11.24,Hegesztő-2,6:00,12:20,MEGR002
2020.11.24,Hegesztő-3,6:00,12:20,MEGR002
2020.11.24,Hajlító-1,6:00,22:00,MEGR014
2020.11.24,Hajlító-2,6:00,22:00,MEGR014
2020.11.24,Vágó-1,6:00,22:00,MEGR012
2020.11.24,Vágó-2,6:00,22:00,MEGR012
2020.11.24,Vágó-3,6:00,22:00,MEGR012
2020.11.24,Vágó-4,6:00,22:00,MEGR012
2020.11.24,Vágó-5,6:00,22:00,MEGR012
2020.11.24,Vágó-6,6:00,22:00,MEGR012
2020.11.24,Hegesztő-1,12:20,22:00,MEGR006
2020.11.24,Hegesztő-2,12:20,22:00,MEGR006
2020.11.24,Hegesztő-3,12:20,22:00,MEGR006
2020.11.25,Tesztelő-1,6:00,22:00,MEGR011
2020.11.25,Hajlító-1,6:00,22:00,MEGR014
2020.11.25,Hajlító-2,6:00,22:00,MEGR014
2020.11.25,Vágó-1,6:00,22:00,MEGR012
2020.11.25,Vágó-2,6:00,22:00,MEGR012
2020.11.25,Vágó-3,6:00,22:00,MEGR012
2020.11.25,Vágó-4,6:00,22:00,MEGR012
2020.11.25,Vágó-5,6:00,22:00,MEGR012
2020.11.25,Vágó-6,6:00,22:00,MEGR012
2020.11.26,Tesztelő-1,6:00,22:00,MEGR011
2020.11.26,Hegesztő-1,6:00,10:20,MEGR006
2020.11.26,Hegesztő-2,6:00,10:20,MEGR006
2020.11.26,Hegesztő-3,6:00,10:20,MEGR006
2020.11.26,Vágó-1,6:00,22:00,MEGR012
2020.11.26,Vágó-2,6:00,22:00,MEGR012
2020.11.26,Vágó-3,6:00,22:00,MEGR012
2020.11.26,Vágó-4,6:00,22:00,MEGR012
2020.11.26,Vágó-5,6:00,22:00,MEGR012
2020.11.26,Vágó-6,6:00,22:00,MEGR012
2020.11.26,Hegesztő-1,10:20,22:00,MEGR013
2020.11.26,Hegesztő-2,10:20,22:00,MEGR013
2020.11.26,Hegesztő-3,10:20,22:00,MEGR013
2020.11.27,Tesztelő-1,6:00,22:00,MEGR011
2020.11.27,Hegesztő-1,6:00,22:00,MEGR013
2020.11.27,Hegesztő-2,6:00,22:00,MEGR013
2020.11.27,Hegesztő-3,6:00,22:00,MEGR013
2020.11.27,Hajlító-1,6:00,7:00,MEGR014
2020.11.27,Hajlító-2,6:00,7:00,MEGR014
2020.11.27,Vágó-1,6:00,22:00,MEGR012
2020.11.27,Vágó-2,6:00,22:00,MEGR012
2020.11.27,Vágó-3,6:00,22:00,MEGR012
2020.11.27,Vágó-4,6:00,22:00,MEGR012
2020.11.27,Vágó-5,6:00,22:00,MEGR012
2020.11.27,Vágó-6,6:00,22:00,MEGR012
2020.11.27,Hajlító-1,7:00,22:00,MEGR007
2020.11.27,Hajlító-2,7:00,22:00,MEGR007
2020.11.28,Tesztelő-1,6:00,22:00,MEGR011
2020.11.28,Hegesztő-1,6:00,22:00,MEGR013
2020.11.28,Hegesztő-2,6:00,22:00,MEGR013
2020.11.28,Hegesztő-3,6:00,22:00,MEGR013
2020.11.28,Hajlító-1,6:00,22:00,MEGR007
2020.11.28,Hajlító-2,6:00,22:00,MEGR007
2020.11.28,Vágó-1,6:00,22:00,MEGR012
2020.11.28,Vágó-2,6:00,22:00,MEGR012
2020.11.28,Vágó-3,6:00,22:00,MEGR012
2020.11.28,Vágó-4,6:00,22:00,MEGR012
2020.11.28,Vágó-5,6:00,22:00,MEGR012
2020.11.28,Vágó-6,6:00,22:00,MEGR012
2020.11.29,Tesztelő-1,6:00,22:00,MEGR011
2020.11.29,Hajlító-1,6:00,22:00,MEGR007
2020.11.29,Hajlító-2,6:00,22:00,MEGR007
2020.11.29,Vágó-1,6:00,22:00,MEGR012
2020.11.29,Vágó-2,6:00,22:00,MEGR012
2020.11.29,Vágó-3,6:00,22:00,MEGR012
2020.11.29,Vágó-4,6:00,22:00,MEGR012
2020.11.29,Vágó-5,6:00,22:00,MEGR012
2020.11.29,Vágó-6,6:00,22:00,MEGR012
2020.11.30,Tesztelő-1,6:00,22:00,MEGR011
2020.11.30,Hegesztő-1,6:00,7:00,MEGR013
2020.11.30,Hegesztő-2,6:00,7:00,MEGR013
2020.11.30,Hegesztő-3,6:00,7:00,MEGR013
2020.11.30,Hajlító-1,6:00,22:00,MEGR007
2020.11.30,Hajlító-2,6:00,22:00,MEGR007
2020.11.30,Vágó-1,6:00,22:00,MEGR012
2020.11.30,Vágó-2,6:00,22:00,MEGR012
2020.11.30,Vágó-3,6:00,22:00,MEGR012
2020.11.30,Vágó-4,6:00,22:00,MEGR012
2020.11.30,Vágó-5,6:00,22:00,MEGR012
2020.11.30,Vágó-6,6:00,22:00,MEGR012
2020.11.30,Hegesztő-1,7:00,22:00,MEGR014
2020.11.30,Hegesztő-2,7:00,22:00,MEGR014
2020.11.30,Hegesztő-3,7:00,22:00,MEGR014
2020.12.01,Tesztelő-1,6:00,22:00,MEGR011
2020.12.01,Hegesztő-1,6:00,22:00,MEGR014
2020.12.01,Hegesztő-2,6:00,22:00,MEGR014
2020.12.01,Hegesztő-3,6:00,22:00,MEGR014
2020.12.01,Hajlító-1,6:00,22:00,MEGR007
2020.12.01,Hajlító-2,6:00,22:00,MEGR007
2020.12.01,Vágó-1,6:00,22:00,MEGR012
2020.12.01,Vágó-2,6:00,22:00,MEGR012
2020.12.01,Vágó-3,6:00,22:00,MEGR012
2020.12.01,Vágó-4,6:00,22:00,MEGR012
2020.12.01,Vágó-5,6:00,22:00,MEGR012
2020.12.01,Vágó-6,6:00,22:00,MEGR012
2020.12.02,Tesztelő-1,6:00,22:00,MEGR011
2020.12.02,Hegesztő-1,6:00,22:00,MEGR014
2020.12.02,Hegesztő-2,6:00,22:00,MEGR014
2020.12.02,Hegesztő-3,6:00,22:00,MEGR014
2020.12.02,Hajlító-1,6:00,22:00,MEGR007
2020.12.02,Hajlító-2,6:00,22:00,MEGR007
2020.12.02,Vágó-1,6:00,22:00,MEGR012
2020.12.02,Vágó-2,6:00,22:00,MEGR012
2020.12.02,Vágó-3,6:00,22:00,MEGR012
2020.12.02,Vágó-4,6:00,22:00,MEGR012
2020.12.02,Vágó-5,6:00,22:00,MEGR012
2020.12.02,Vágó-6,6:00,22:00,MEGR012
2020.12.03,Tesztelő-1,6:00,22:00,MEGR011
2020.12.03,Hegesztő-1,6:00,7:53,MEGR014
2020.12.03,Hegesztő-2,6:00,7:53,MEGR014
2020.12.03,Hegesztő-3,6:00,7:53,MEGR014
2020.12.03,Hajlító-1,6:00,22:00,MEGR007
2020.12.03,Hajlító-2,6:00,22:00,MEGR007
2020.12.03,Vágó-1,6:00,22:00,MEGR012
2020.12.03,Vágó-2,6:00,22:00,MEGR012
2020.12.03,Vágó-3,6:00,22:00,MEGR012
2020.12.03,Vágó-4,6:00,22:00,MEGR012
2020.12.03,Vágó-5,6:00,22:00,MEGR012
2020.12.03,Vágó-6,6:00,22:00,MEGR012
2020.12.04,Tesztelő-1,6:00,22:00,MEGR011
2020.12.04,Hajlító-1,6:00,22:00,MEGR007
2020.12.04,Hajlító-2,6:00,22:00,MEGR007
2020.12.04,Vágó-1,6:00,22:00,MEGR012
2020.12.04,Vágó-2,6:00,22:00,MEGR012
2020.12.04,Vágó-3,6:00,22:00,MEGR012
2020.12.04,Vágó-4,6:00,22:00,MEGR012
2020.12.04,Vágó-5,6:00,22:00,MEGR012
2020.12.04,Vágó-6,6:00,22:00,MEGR012
2020.12.05,Tesztelő-1,6:00,22:00,MEGR011
2020.12.05,Hajlító-1,6:00,22:00,MEGR007
2020.12.05,Hajlító-2,6:00,22:00,MEGR007
2020.12.05,Vágó-1,6:00,22:00,MEGR012
2020.12.05,Vágó-2,6:00,22:00,MEGR012
2020.12.05,Vágó-3,6:00,22:00,MEGR012
2020.12.05,Vágó-4,6:00,22:00,MEGR012
2020.12.05,Vágó-5,6:00,22:00,MEGR012
2020.12.05,Vágó-6,6:00,22:00,MEGR012
2020.12.06,Tesztelő-1,6:00,22:00,MEGR011
2020.12.06,Hajlító-1,6:00,22:00,MEGR007
2020.12.06,Hajlító-2,6:00,22:00,MEGR007
2020.12.06,Vágó-1,6:00,22:00,MEGR012
2020.12.06,Vágó-2,6:00,22:00,MEGR012
2020.12.06,Vágó-3,6:00,22:00,MEGR012
2020.12.06,Vágó-4,6:00,22:00,MEGR012
2020.12.06,Vágó-5,6:00,22:00,MEGR012
2020.12.06,Vágó-6,6:00,22:00,MEGR012
2020.12.07,Tesztelő-1,6:00,22:00,MEGR011
2020.12.07,Hajlító-1,6:00,22:00,MEGR007
2020.12.07,Hajlító-2,6:00,22:00,MEGR007
2020.12.07,Vágó-1,6:00,22:00,MEGR012
2020.12.07,Vágó-2,6:00,22:00,MEGR012
2020.12.07,Vágó-3,6:00,22:00,MEGR012
2020.12.07,Vágó-4,6:00,22:00,MEGR012
2020.12.07,Vágó-5,6:00,22:00,MEGR012
2020.12.07,Vágó-6,6:00,22:00,MEGR012
2020.12.08,Tesztelő-1,6:00,22:00,MEGR011
2020.12.08,Hajlító-1,6:00,22:00,MEGR007
2020.12.08,Hajlító-2,6:00,22:00,MEGR007
2020.12.08,Vágó-1,6:00,22:00,MEGR012
2020.12.08,Vágó-2,6:00,22:00,MEGR012
2020.12.08,Vágó-3,6:00,22:00,MEGR012
2020.12.08,Vágó-4,6:00,22:00,MEGR012
2020.12.08,Vágó-5,6:00,22:00,MEGR012
2020.12.08,Vágó-6,6:00,22:00,MEGR012
2020.12.09,Tesztelő-1,6:00,22:00,MEGR011
2020.12.09,Hajlító-1,6:00,22:00,MEGR007
2020.12.09,Hajlító-2,6:00,22:00,MEGR007
2020.12.09,Vágó-1,6:00,22:00,MEGR012
2020.12.09,Vágó-2,6:00,22:00,MEGR012
2020.12.09,Vágó-3,6:00,22:00,MEGR012
2020.12.09,Vágó-4,6:00,22:00,MEGR012
2020.12.09,Vágó-5,6:00,22:00,MEGR012
2020.12.09,Vágó-6,6:00,22:00,MEGR012
2020.12.10,Tesztelő-1,6:00,22:00,MEGR011
2020.12.10,Hajlító-1,6:00,9:10,MEGR007
2020.12.10,Hajlító-2,6:00,9:10,MEGR007
2020.12.10,Vágó-1,6:00,22:00,MEGR012
2020.12.10,Vágó-2,6:00,22:00,MEGR012
2020.12.10,Vágó-3,6:00,22:00,MEGR012
2020.12.10,Vágó-4,6:00,22:00,MEGR012
2020.12.10,Vágó-5,6:00,22:00,MEGR012
2020.12.10,Vágó-6,6:00,22:00,MEGR012
2020.12.10,Hegesztő-1,9:10,22:00,MEGR007
2020.12.10,Hegesztő-2,9:10,22:00,MEGR007
2020.12.10,Hegesztő-3,9:10,22:00,MEGR007
2020.12.10,Hajlító-1,9:10,22:00,MEGR005
2020.12.10,Hajlító-2,9:10,22:00,MEGR005
2020.12.11,Tesztelő-1,6:00,22:00,MEGR011
2020.12.11,Hegesztő-1,6:00,22:00,MEGR007
2020.12.11,Hegesztő-2,6:00,22:00,MEGR007
2020.12.11,Hegesztő-3,6:00,22:00,MEGR007
2020.12.11,Hajlító-1,6:00,22:00,MEGR005
2020.12.11,Hajlító-2,6:00,22:00,MEGR005
2020.12.11,Vágó-1,6:00,22:00,MEGR012
2020.12.11,Vágó-2,6:00,22:00,MEGR012
2020.12.11,Vágó-3,6:00,22:00,MEGR012
2020.12.11,Vágó-4,6:00,22:00,MEGR012
2020.12.11,Vágó-5,6:00,22:00,MEGR012
2020.12.11,Vágó-6,6:00,22:00,MEGR012
2020.12.12,Tesztelő-1,6:00,22:00,MEGR011
2020.12.12,Hegesztő-1,6:00,22:00,MEGR007
2020.12.12,Hegesztő-2,6:00,22:00,MEGR007
2020.12.12,Hegesztő-3,6:00,22:00,MEGR007
2020.12.12,Hajlító-1,6:00,22:00,MEGR005
2020.12.12,Hajlító-2,6:00,22:00,MEGR005
2020.12.12,Vágó-1,6:00,22:00,MEGR012
2020.12.12,Vágó-2,6:00,22:00,MEGR012
2020.12.12,Vágó-3,6:00,22:00,MEGR012
2020.12.12,Vágó-4,6:00,22:00,MEGR012
2020.12.12,Vágó-5,6:00,22:00,MEGR012
2020.12.12,Vágó-6,6:00,22:00,MEGR012
2020.12.13,Tesztelő-1,6:00,22:00,MEGR011
2020.12.13,Hegesztő-1,6:00,22:00,MEGR007
2020.12.13,Hegesztő-2,6:00,22:00,MEGR007
2020.12.13,Hegesztő-3,6:00,22:00,MEGR007
2020.12.13,Hajlító-1,6:00,22:00,MEGR005
2020.12.13,Hajlító-2,6:00,22:00,MEGR005
2020.12.13,Vágó-1,6:00,22:00,MEGR012
2020.12.13,Vágó-2,6:00,22:00,MEGR012
2020.12.13,Vágó-3,6:00,22:00,MEGR012
2020.12.13,Vágó-4,6:00,22:00,MEGR012
2020.12.13,Vágó-5,6:00,22:00,MEGR012
2020.12.13,Vágó-6,6:00,22:00,MEGR012
2020.12.14,Tesztelő-1,6:00,22:00,MEGR011
2020.12.14,Hegesztő-1,6:00,22:00,MEGR007
2020.12.14,Hegesztő-2,6:00,22:00,MEGR007
2020.12.14,Hegesztő-3,6:00,22:00,MEGR007
2020.12.14,Hajlító-1,6:00,22:00,MEGR005
2020.12.14,Hajlító-2,6:00,22:00,MEGR005
2020.12.14,Vágó-1,6:00,22:00,MEGR012
2020.12.14,Vágó-2,6:00,22:00,MEGR012
2020.12.14,Vágó-3,6:00,22:00,MEGR012
2020.12.14,Vágó-4,6:00,22:00,MEGR012
2020.12.14,Vágó-5,6:00,22:00,MEGR012
2020.12.14,Vágó-6,6:00,22:00,MEGR012
2020.12.15,Tesztelő-1,6:00,22:00,MEGR011
2020.12.15,Hegesztő-1,6:00,22:00,MEGR007
2020.12.15,Hegesztő-2,6:00,22:00,MEGR007
2020.12.15,Hegesztő-3,6:00,22:00,MEGR007
2020.12.15,Hajlító-1,6:00,22:00,MEGR005
2020.12.15,Hajlító-2,6:00,22:00,MEGR005
2020.12.15,Vágó-1,6:00,22:00,MEGR012
2020.12.15,Vágó-2,6:00,22:00,MEGR012
2020.12.15,Vágó-3,6:00,22:00,MEGR012
2020.12.15,Vágó-4,6:00,22:00,MEGR012
2020.12.15,Vágó-5,6:00,22:00,MEGR012
2020.12.15,Vágó-6,6:00,22:00,MEGR012
2020.12.16,Hajlító-1,6:00,22:00,MEGR005
2020.12.16,Hajlító-2,6:00,22:00,MEGR005
2020.12.16,Vágó-1,6:00,22:00,MEGR012
2020.12.16,Vágó-2,6:00,22:00,MEGR012
2020.12.16,Vágó-3,6:00,22:00,MEGR012
2020.12.16,Vágó-4,6:00,22:00,MEGR012
2020.12.16,Vágó-5,6:00,22:00,MEGR012
2020.12.16,Vágó-6,6:00,22:00,MEGR012
2020.12.17,Tesztelő-1,6:00,16:20,MEGR011
2020.12.17,Hegesztő-1,6:00,6:03,MEGR007
2020.12.17,Hegesztő-2,6:00,6:03,MEGR007
2020.12.17,Hegesztő-3,6:00,6:03,MEGR007
2020.12.17,Hajlító-1,6:00,22:00,MEGR005
2020.12.17,Hajlító-2,6:00,22:00,MEGR005
2020.12.17,Vágó-1,6:00,22:00,MEGR012
2020.12.17,Vágó-2,6:00,22:00,MEGR012
2020.12.17,Vágó-3,6:00,22:00,MEGR012
2020.12.17,Vágó-4,6:00,22:00,MEGR012
2020.12.17,Vágó-5,6:00,22:00,MEGR012
2020.12.17,Vágó-6,6:00,22:00,MEGR012
2020.12.17,Festő-1,16:20,15:20,MEGR011
2020.12.17,Festő-2,16:20,15:20,MEGR011
2020.12.17,Festő-3,16:20,15:20,MEGR011
2020.12.17,Festő-4,16:20,15:20,MEGR011
2020.12.17,Tesztelő-1,16:20,22:00,MEGR002
2020.12.18,Tesztelő-1,6:00,22:00,MEGR002
2020.12.18,Hajlító-1,6:00,22:00,MEGR005
2020.12.18,Hajlító-2,6:00,22:00,MEGR005
2020.12.18,Vágó-1,6:00,22:00,MEGR012
2020.12.18,Vágó-2,6:00,22:00,MEGR012
2020.12.18,Vágó-3,6:00,22:00,MEGR012
2020.12.18,Vágó-4,6:00,22:00,MEGR012
2020.12.18,Vágó-5,6:00,22:00,MEGR012
2020.12.18,Vágó-6,6:00,22:00,MEGR012
2020.12.19,Tesztelő-1,6:00,22:00,MEGR002
2020.12.19,Hajlító-1,6:00,22:00,MEGR005
2020.12.19,Hajlító-2,6:00,22:00,MEGR005
2020.12.19,Vágó-1,6:00,22:00,MEGR012
2020.12.19,Vágó-2,6:00,22:00,MEGR012
2020.12.19,Vágó-3,6:00,22:00,MEGR012
2020.12.19,Vágó-4,6:00,22:00,MEGR012
2020.12.19,Vágó-5,6:00,22:00,MEGR012
2020.12.19,Vágó-6,6:00,22:00,MEGR012
2020.12.20,Tesztelő-1,6:00,22:00,MEGR002
2020.12.20,Hajlító-1,6:00,22:00,MEGR005
2020.12.20,Hajlító-2,6:00,22:00,MEGR005
2020.12.20,Vágó-1,6:00,22:00,MEGR012
2020.12.20,Vágó-2,6:00,22:00,MEGR012
2020.12.20,Vágó-3,6:00,22:00,MEGR012
2020.12.20,Vágó-4,6:00,22:00,MEGR012
2020.12.20,Vágó-5,6:00,22:00,MEGR012
2020.12.20,Vágó-6,6:00,22:00,MEGR012
2020.12.21,Tesztelő-1,6:00,22:00,MEGR002
2020.12.21,Hajlító-1,6:00,22:00,MEGR005
2020.12.21,Hajlító-2,6:00,22:00,MEGR005
2020.12.22,Hajlító-1,6:00,22:00,MEGR005
2020.12.22,Hajlító-2,6:00,22:00,MEGR005
2020.12.22,Vágó-1,6:00,7:45,MEGR012
2020.12.22,Vágó-2,6:00,7:45,MEGR012
2020.12.22,Vágó-3,6:00,7:45,MEGR012
2020.12.22,Vágó-4,6:00,7:45,MEGR012
2020.12.22,Vágó-5,6:00,7:45,MEGR012
2020.12.22,Vágó-6,6:00,7:45,MEGR012
2020.12.23,Tesztelő-1,6:00,12:20,MEGR002
2020.12.23,Hajlító-1,6:00,22:00,MEGR005
2020.12.23,Hajlító-2,6:00,22:00,MEGR005
2020.12.23,Festő-1,12:20,22:00,MEGR002
2020.12.23,Festő-2,12:20,22:00,MEGR002
2020.12.23,Festő-3,12:20,22:00,MEGR002
2020.12.23,Festő-4,12:20,22:00,MEGR002
2020.12.23,Tesztelő-1,12:20,22:00,MEGR006
2020.12.24,Festő-1,6:00,22:00,MEGR002
2020.12.24,Festő-2,6:00,22:00,MEGR002
2020.12.24,Festő-3,6:00,22:00,MEGR002
2020.12.24,Festő-4,6:00,22:00,MEGR002
2020.12.24,Tesztelő-1,6:00,22:00,MEGR006
2020.12.24,Hajlító-1,6:00,22:00,MEGR005
2020.12.24,Hajlító-2,6:00,22:00,MEGR005
2020.12.25,Festő-1,6:00,22:00,MEGR002
2020.12.25,Festő-2,6:00,22:00,MEGR002
2020.12.25,Festő-3,6:00,22:00,MEGR002
2020.12.25,Festő-4,6:00,22:00,MEGR002
2020.12.25,Tesztelő-1,6:00,17:50,MEGR006
2020.12.25,Hajlító-1,6:00,22:00,MEGR005
2020.12.25,Hajlító-2,6:00,22:00,MEGR005
2020.12.25,Tesztelő-1,17:50,22:00,MEGR013
2020.12.26,Festő-1,6:00,22:00,MEGR002
2020.12.26,Festő-2,6:00,22:00,MEGR002
2020.12.26,Festő-3,6:00,22:00,MEGR002
2020.12.26,Festő-4,6:00,22:00,MEGR002
2020.12.26,Tesztelő-1,6:00,22:00,MEGR013
2020.12.26,Hajlító-1,6:00,22:00,MEGR005
2020.12.26,Hajlító-2,6:00,22:00,MEGR005
2020.12.27,Festő-1,6:00,22:00,MEGR002
2020.12.27,Festő-2,6:00,22:00,MEGR002
2020.12.27,Festő-3,6:00,22:00,MEGR002
2020.12.27,Festő-4,6:00,22:00,MEGR002
2020.12.27,Tesztelő-1,6:00,22:00,MEGR013
2020.12.27,Hajlító-1,6:00,22:00,MEGR005
2020.12.27,Hajlító-2,6:00,22:00,MEGR005
2020.12.28,Tesztelő-1,6:00,22:00,MEGR013
2020.12.28,Hajlító-1,6:00,22:00,MEGR005
2020.12.28,Hajlító-2,6:00,22:00,MEGR005
2020.12.29,Festő-1,6:00,8:20,MEGR002
2020.12.29,Festő-2,6:00,8:20,MEGR002
2020.12.29,Festő-3,6:00,8:20,MEGR002
2020.12.29,Festő-4,6:00,8:20,MEGR002
2020.12.29,Hajlító-1,6:00,22:00,MEGR005
2020.12.29,Hajlító-2,6:00,22:00,MEGR005
2020.12.29,Csomagoló-1,8:20,20:20,MEGR002
2020.12.29,Csomagoló-2,8:20,20:20,MEGR002
2020.12.29,Csomagoló-3,8:20,20:20,MEGR002
2020.12.29,Festő-1,8:20,22:00,MEGR006
2020.12.29,Festő-2,8:20,22:00,MEGR006
2020.12.29,Festő-3,8:20,22:00,MEGR006
2020.12.29,Festő-4,8:20,22:00,MEGR006
2020.12.30,Festő-1,6:00,22:00,MEGR006
2020.12.30,Festő-2,6:00,22:00,MEGR006
2020.12.30,Festő-3,6:00,22:00,MEGR006
2020.12.30,Festő-4,6:00,22:00,MEGR006
2020.12.30,Tesztelő-1,6:00,15:40,MEGR013
2020.12.30,Tesztelő-1,15:40,18:20,MEGR014
2020.12.31,Festő-1,6:00,13:50,MEGR006
2020.12.31,Festő-2,6:00,13:50,MEGR006
2020.12.31,Festő-3,6:00,13:50,MEGR006
2020.12.31,Festő-4,6:00,13:50,MEGR006
2020.12.31,Hajlító-1,6:00,8:10,MEGR005
2020.12.31,Hajlító-2,6:00,8:10,MEGR005
2020.12.31,Hegesztő-1,8:10,14:50,MEGR005
2020.12.31,Hegesztő-2,8:10,14:50,MEGR005
2020.12.31,Hegesztő-3,8:10,14:50,MEGR005
2020.12.31,Hajlító-1,8:10,19:30,MEGR001
2020.12.31,Hajlító-2,8:10,19:30,MEGR001
2020.12.31,Csomagoló-1,13:50,19:20,MEGR006
2020.12.31,Csomagoló-2,13:50,19:20,MEGR006
2020.12.31,Csomagoló-3,13:50,19:20,MEGR006
2020.12.31,Festő-1,13:50,11:40,MEGR013
2020.12.31,Festő-2,13:50,11:40,MEGR013
2020.12.31,Festő-3,13:50,11:40,MEGR013
2020.12.31,Festő-4,13:50,11:40,MEGR013
